ID Cluster,Nº Páginas,Identidad Detectada (Ontología),Confianza (Menciones)
39,2392,"hacking (1), drugs (1), ransomware (1)",3
36,251,"drugs (3), hacking (3), ransomware (3)",9
21,81,"hacking (5), carding (5), drugs (4)",25
15,71,"marketplace (9), hacking (9), fraud (9)",48
8,49,"drugs (46), hacking (46), fraud (46)",339
2,48,"drugs (4), marketplace (4), hacking (4)",22
10,48,"drugs (2), marketplace (1), ransomware (1)",7
32,14,"hacking (13), fraud (13), marketplace (13)",92
0,5,"drugs (4), carding (3), fraud (3)",13
31,5,"drugs (2), carding (2)",4
11,4,"carding (3), fraud (3), marketplace (3)",22
4,4,"hacking (3), carding (3), fraud (3)",17
20,4,"carding (1), fraud (1), marketplace (1)",4
1,3,"weapon (2), drugs (2), carding (1)",8
33,3,"ransomware (2), hacking (2), carding (2)",14
35,2,drugs (1),1
5,2,drugs (1),1
6,2,"hacking (1), fraud (1), weapon (1)",6
7,2,"hacking (1), marketplace (1), carding (1)",8
18,2,drugs (1),1
19,2,"ransomware (1), hacking (1), phone (1)",5
29,2,"carding (1), fraud (1), marketplace (1)",7
30,2,"marketplace (1), drugs (1), carding (1)",6
34,2,"carding (1), marketplace (1), drugs (1)",3
1877,1,⚙️ Nodo Técnico / Infraestructura,0
1878,1,⚙️ Nodo Técnico / Infraestructura,0
1879,1,⚙️ Nodo Técnico / Infraestructura,0
1880,1,⚙️ Nodo Técnico / Infraestructura,0
1881,1,⚙️ Nodo Técnico / Infraestructura,0
1882,1,⚙️ Nodo Técnico / Infraestructura,0
1883,1,⚙️ Nodo Técnico / Infraestructura,0
1884,1,⚙️ Nodo Técnico / Infraestructura,0
1885,1,⚙️ Nodo Técnico / Infraestructura,0
1886,1,⚙️ Nodo Técnico / Infraestructura,0
1887,1,⚙️ Nodo Técnico / Infraestructura,0
1888,1,⚙️ Nodo Técnico / Infraestructura,0
1889,1,⚙️ Nodo Técnico / Infraestructura,0
1890,1,⚙️ Nodo Técnico / Infraestructura,0
37,1,⚙️ Nodo Técnico / Infraestructura,0
38,1,⚙️ Nodo Técnico / Infraestructura,0
40,1,⚙️ Nodo Técnico / Infraestructura,0
41,1,⚙️ Nodo Técnico / Infraestructura,0
42,1,⚙️ Nodo Técnico / Infraestructura,0
43,1,⚙️ Nodo Técnico / Infraestructura,0
44,1,⚙️ Nodo Técnico / Infraestructura,0
45,1,⚙️ Nodo Técnico / Infraestructura,0
46,1,⚙️ Nodo Técnico / Infraestructura,0
47,1,⚙️ Nodo Técnico / Infraestructura,0
48,1,⚙️ Nodo Técnico / Infraestructura,0
49,1,⚙️ Nodo Técnico / Infraestructura,0
50,1,⚙️ Nodo Técnico / Infraestructura,0
51,1,⚙️ Nodo Técnico / Infraestructura,0
52,1,⚙️ Nodo Técnico / Infraestructura,0
53,1,⚙️ Nodo Técnico / Infraestructura,0
54,1,⚙️ Nodo Técnico / Infraestructura,0
55,1,⚙️ Nodo Técnico / Infraestructura,0
56,1,⚙️ Nodo Técnico / Infraestructura,0
57,1,⚙️ Nodo Técnico / Infraestructura,0
58,1,⚙️ Nodo Técnico / Infraestructura,0
59,1,⚙️ Nodo Técnico / Infraestructura,0
60,1,⚙️ Nodo Técnico / Infraestructura,0
61,1,⚙️ Nodo Técnico / Infraestructura,0
62,1,⚙️ Nodo Técnico / Infraestructura,0
63,1,⚙️ Nodo Técnico / Infraestructura,0
64,1,⚙️ Nodo Técnico / Infraestructura,0
65,1,⚙️ Nodo Técnico / Infraestructura,0
66,1,⚙️ Nodo Técnico / Infraestructura,0
67,1,⚙️ Nodo Técnico / Infraestructura,0
68,1,⚙️ Nodo Técnico / Infraestructura,0
69,1,⚙️ Nodo Técnico / Infraestructura,0
70,1,⚙️ Nodo Técnico / Infraestructura,0
71,1,⚙️ Nodo Técnico / Infraestructura,0
72,1,⚙️ Nodo Técnico / Infraestructura,0
73,1,⚙️ Nodo Técnico / Infraestructura,0
74,1,⚙️ Nodo Técnico / Infraestructura,0
75,1,⚙️ Nodo Técnico / Infraestructura,0
76,1,⚙️ Nodo Técnico / Infraestructura,0
77,1,⚙️ Nodo Técnico / Infraestructura,0
78,1,⚙️ Nodo Técnico / Infraestructura,0
79,1,⚙️ Nodo Técnico / Infraestructura,0
80,1,⚙️ Nodo Técnico / Infraestructura,0
81,1,⚙️ Nodo Técnico / Infraestructura,0
82,1,⚙️ Nodo Técnico / Infraestructura,0
83,1,⚙️ Nodo Técnico / Infraestructura,0
84,1,⚙️ Nodo Técnico / Infraestructura,0
85,1,⚙️ Nodo Técnico / Infraestructura,0
86,1,⚙️ Nodo Técnico / Infraestructura,0
87,1,⚙️ Nodo Técnico / Infraestructura,0
88,1,⚙️ Nodo Técnico / Infraestructura,0
89,1,⚙️ Nodo Técnico / Infraestructura,0
90,1,⚙️ Nodo Técnico / Infraestructura,0
91,1,⚙️ Nodo Técnico / Infraestructura,0
92,1,⚙️ Nodo Técnico / Infraestructura,0
93,1,⚙️ Nodo Técnico / Infraestructura,0
94,1,⚙️ Nodo Técnico / Infraestructura,0
95,1,⚙️ Nodo Técnico / Infraestructura,0
96,1,⚙️ Nodo Técnico / Infraestructura,0
97,1,⚙️ Nodo Técnico / Infraestructura,0
98,1,⚙️ Nodo Técnico / Infraestructura,0
99,1,⚙️ Nodo Técnico / Infraestructura,0
100,1,⚙️ Nodo Técnico / Infraestructura,0
101,1,⚙️ Nodo Técnico / Infraestructura,0
102,1,⚙️ Nodo Técnico / Infraestructura,0
103,1,⚙️ Nodo Técnico / Infraestructura,0
104,1,⚙️ Nodo Técnico / Infraestructura,0
105,1,⚙️ Nodo Técnico / Infraestructura,0
106,1,⚙️ Nodo Técnico / Infraestructura,0
107,1,⚙️ Nodo Técnico / Infraestructura,0
108,1,⚙️ Nodo Técnico / Infraestructura,0
109,1,⚙️ Nodo Técnico / Infraestructura,0
110,1,⚙️ Nodo Técnico / Infraestructura,0
111,1,⚙️ Nodo Técnico / Infraestructura,0
112,1,⚙️ Nodo Técnico / Infraestructura,0
113,1,⚙️ Nodo Técnico / Infraestructura,0
114,1,⚙️ Nodo Técnico / Infraestructura,0
115,1,⚙️ Nodo Técnico / Infraestructura,0
116,1,⚙️ Nodo Técnico / Infraestructura,0
117,1,⚙️ Nodo Técnico / Infraestructura,0
118,1,⚙️ Nodo Técnico / Infraestructura,0
119,1,⚙️ Nodo Técnico / Infraestructura,0
120,1,⚙️ Nodo Técnico / Infraestructura,0
121,1,⚙️ Nodo Técnico / Infraestructura,0
122,1,⚙️ Nodo Técnico / Infraestructura,0
123,1,⚙️ Nodo Técnico / Infraestructura,0
124,1,⚙️ Nodo Técnico / Infraestructura,0
125,1,⚙️ Nodo Técnico / Infraestructura,0
126,1,⚙️ Nodo Técnico / Infraestructura,0
127,1,⚙️ Nodo Técnico / Infraestructura,0
128,1,⚙️ Nodo Técnico / Infraestructura,0
129,1,⚙️ Nodo Técnico / Infraestructura,0
130,1,⚙️ Nodo Técnico / Infraestructura,0
131,1,⚙️ Nodo Técnico / Infraestructura,0
132,1,⚙️ Nodo Técnico / Infraestructura,0
133,1,⚙️ Nodo Técnico / Infraestructura,0
134,1,⚙️ Nodo Técnico / Infraestructura,0
135,1,⚙️ Nodo Técnico / Infraestructura,0
136,1,⚙️ Nodo Técnico / Infraestructura,0
137,1,⚙️ Nodo Técnico / Infraestructura,0
138,1,⚙️ Nodo Técnico / Infraestructura,0
139,1,⚙️ Nodo Técnico / Infraestructura,0
140,1,⚙️ Nodo Técnico / Infraestructura,0
141,1,⚙️ Nodo Técnico / Infraestructura,0
142,1,⚙️ Nodo Técnico / Infraestructura,0
143,1,⚙️ Nodo Técnico / Infraestructura,0
144,1,⚙️ Nodo Técnico / Infraestructura,0
145,1,⚙️ Nodo Técnico / Infraestructura,0
146,1,⚙️ Nodo Técnico / Infraestructura,0
147,1,⚙️ Nodo Técnico / Infraestructura,0
148,1,⚙️ Nodo Técnico / Infraestructura,0
149,1,⚙️ Nodo Técnico / Infraestructura,0
150,1,⚙️ Nodo Técnico / Infraestructura,0
151,1,⚙️ Nodo Técnico / Infraestructura,0
152,1,⚙️ Nodo Técnico / Infraestructura,0
153,1,⚙️ Nodo Técnico / Infraestructura,0
154,1,⚙️ Nodo Técnico / Infraestructura,0
155,1,⚙️ Nodo Técnico / Infraestructura,0
156,1,⚙️ Nodo Técnico / Infraestructura,0
157,1,⚙️ Nodo Técnico / Infraestructura,0
158,1,⚙️ Nodo Técnico / Infraestructura,0
159,1,⚙️ Nodo Técnico / Infraestructura,0
160,1,⚙️ Nodo Técnico / Infraestructura,0
161,1,⚙️ Nodo Técnico / Infraestructura,0
162,1,⚙️ Nodo Técnico / Infraestructura,0
163,1,⚙️ Nodo Técnico / Infraestructura,0
164,1,⚙️ Nodo Técnico / Infraestructura,0
165,1,⚙️ Nodo Técnico / Infraestructura,0
166,1,⚙️ Nodo Técnico / Infraestructura,0
167,1,⚙️ Nodo Técnico / Infraestructura,0
168,1,⚙️ Nodo Técnico / Infraestructura,0
169,1,⚙️ Nodo Técnico / Infraestructura,0
170,1,⚙️ Nodo Técnico / Infraestructura,0
171,1,⚙️ Nodo Técnico / Infraestructura,0
172,1,⚙️ Nodo Técnico / Infraestructura,0
173,1,⚙️ Nodo Técnico / Infraestructura,0
174,1,⚙️ Nodo Técnico / Infraestructura,0
175,1,⚙️ Nodo Técnico / Infraestructura,0
176,1,⚙️ Nodo Técnico / Infraestructura,0
177,1,⚙️ Nodo Técnico / Infraestructura,0
178,1,⚙️ Nodo Técnico / Infraestructura,0
179,1,⚙️ Nodo Técnico / Infraestructura,0
180,1,⚙️ Nodo Técnico / Infraestructura,0
181,1,⚙️ Nodo Técnico / Infraestructura,0
182,1,⚙️ Nodo Técnico / Infraestructura,0
183,1,⚙️ Nodo Técnico / Infraestructura,0
184,1,⚙️ Nodo Técnico / Infraestructura,0
185,1,⚙️ Nodo Técnico / Infraestructura,0
186,1,⚙️ Nodo Técnico / Infraestructura,0
187,1,⚙️ Nodo Técnico / Infraestructura,0
188,1,⚙️ Nodo Técnico / Infraestructura,0
189,1,⚙️ Nodo Técnico / Infraestructura,0
190,1,⚙️ Nodo Técnico / Infraestructura,0
191,1,⚙️ Nodo Técnico / Infraestructura,0
192,1,⚙️ Nodo Técnico / Infraestructura,0
193,1,⚙️ Nodo Técnico / Infraestructura,0
194,1,⚙️ Nodo Técnico / Infraestructura,0
195,1,⚙️ Nodo Técnico / Infraestructura,0
196,1,⚙️ Nodo Técnico / Infraestructura,0
197,1,⚙️ Nodo Técnico / Infraestructura,0
198,1,⚙️ Nodo Técnico / Infraestructura,0
199,1,⚙️ Nodo Técnico / Infraestructura,0
200,1,⚙️ Nodo Técnico / Infraestructura,0
201,1,⚙️ Nodo Técnico / Infraestructura,0
202,1,⚙️ Nodo Técnico / Infraestructura,0
203,1,⚙️ Nodo Técnico / Infraestructura,0
204,1,⚙️ Nodo Técnico / Infraestructura,0
205,1,⚙️ Nodo Técnico / Infraestructura,0
206,1,⚙️ Nodo Técnico / Infraestructura,0
207,1,⚙️ Nodo Técnico / Infraestructura,0
208,1,⚙️ Nodo Técnico / Infraestructura,0
209,1,⚙️ Nodo Técnico / Infraestructura,0
210,1,⚙️ Nodo Técnico / Infraestructura,0
211,1,⚙️ Nodo Técnico / Infraestructura,0
212,1,⚙️ Nodo Técnico / Infraestructura,0
213,1,⚙️ Nodo Técnico / Infraestructura,0
214,1,⚙️ Nodo Técnico / Infraestructura,0
215,1,⚙️ Nodo Técnico / Infraestructura,0
216,1,⚙️ Nodo Técnico / Infraestructura,0
217,1,⚙️ Nodo Técnico / Infraestructura,0
218,1,⚙️ Nodo Técnico / Infraestructura,0
219,1,⚙️ Nodo Técnico / Infraestructura,0
220,1,⚙️ Nodo Técnico / Infraestructura,0
221,1,⚙️ Nodo Técnico / Infraestructura,0
222,1,⚙️ Nodo Técnico / Infraestructura,0
223,1,⚙️ Nodo Técnico / Infraestructura,0
224,1,⚙️ Nodo Técnico / Infraestructura,0
225,1,⚙️ Nodo Técnico / Infraestructura,0
226,1,⚙️ Nodo Técnico / Infraestructura,0
227,1,⚙️ Nodo Técnico / Infraestructura,0
228,1,⚙️ Nodo Técnico / Infraestructura,0
229,1,⚙️ Nodo Técnico / Infraestructura,0
230,1,⚙️ Nodo Técnico / Infraestructura,0
231,1,⚙️ Nodo Técnico / Infraestructura,0
232,1,⚙️ Nodo Técnico / Infraestructura,0
233,1,⚙️ Nodo Técnico / Infraestructura,0
234,1,⚙️ Nodo Técnico / Infraestructura,0
235,1,⚙️ Nodo Técnico / Infraestructura,0
236,1,⚙️ Nodo Técnico / Infraestructura,0
237,1,⚙️ Nodo Técnico / Infraestructura,0
238,1,⚙️ Nodo Técnico / Infraestructura,0
239,1,⚙️ Nodo Técnico / Infraestructura,0
240,1,⚙️ Nodo Técnico / Infraestructura,0
241,1,⚙️ Nodo Técnico / Infraestructura,0
242,1,⚙️ Nodo Técnico / Infraestructura,0
243,1,⚙️ Nodo Técnico / Infraestructura,0
244,1,⚙️ Nodo Técnico / Infraestructura,0
245,1,⚙️ Nodo Técnico / Infraestructura,0
246,1,⚙️ Nodo Técnico / Infraestructura,0
247,1,⚙️ Nodo Técnico / Infraestructura,0
248,1,⚙️ Nodo Técnico / Infraestructura,0
249,1,⚙️ Nodo Técnico / Infraestructura,0
250,1,⚙️ Nodo Técnico / Infraestructura,0
251,1,⚙️ Nodo Técnico / Infraestructura,0
252,1,⚙️ Nodo Técnico / Infraestructura,0
253,1,⚙️ Nodo Técnico / Infraestructura,0
254,1,⚙️ Nodo Técnico / Infraestructura,0
255,1,⚙️ Nodo Técnico / Infraestructura,0
256,1,⚙️ Nodo Técnico / Infraestructura,0
257,1,⚙️ Nodo Técnico / Infraestructura,0
258,1,⚙️ Nodo Técnico / Infraestructura,0
259,1,⚙️ Nodo Técnico / Infraestructura,0
260,1,⚙️ Nodo Técnico / Infraestructura,0
261,1,⚙️ Nodo Técnico / Infraestructura,0
262,1,⚙️ Nodo Técnico / Infraestructura,0
263,1,⚙️ Nodo Técnico / Infraestructura,0
264,1,⚙️ Nodo Técnico / Infraestructura,0
265,1,⚙️ Nodo Técnico / Infraestructura,0
266,1,⚙️ Nodo Técnico / Infraestructura,0
267,1,⚙️ Nodo Técnico / Infraestructura,0
268,1,⚙️ Nodo Técnico / Infraestructura,0
269,1,⚙️ Nodo Técnico / Infraestructura,0
270,1,⚙️ Nodo Técnico / Infraestructura,0
271,1,⚙️ Nodo Técnico / Infraestructura,0
272,1,⚙️ Nodo Técnico / Infraestructura,0
273,1,⚙️ Nodo Técnico / Infraestructura,0
274,1,⚙️ Nodo Técnico / Infraestructura,0
275,1,⚙️ Nodo Técnico / Infraestructura,0
276,1,⚙️ Nodo Técnico / Infraestructura,0
277,1,⚙️ Nodo Técnico / Infraestructura,0
278,1,⚙️ Nodo Técnico / Infraestructura,0
279,1,⚙️ Nodo Técnico / Infraestructura,0
280,1,⚙️ Nodo Técnico / Infraestructura,0
281,1,⚙️ Nodo Técnico / Infraestructura,0
282,1,⚙️ Nodo Técnico / Infraestructura,0
283,1,⚙️ Nodo Técnico / Infraestructura,0
284,1,⚙️ Nodo Técnico / Infraestructura,0
285,1,⚙️ Nodo Técnico / Infraestructura,0
286,1,⚙️ Nodo Técnico / Infraestructura,0
287,1,⚙️ Nodo Técnico / Infraestructura,0
288,1,⚙️ Nodo Técnico / Infraestructura,0
289,1,⚙️ Nodo Técnico / Infraestructura,0
290,1,⚙️ Nodo Técnico / Infraestructura,0
291,1,⚙️ Nodo Técnico / Infraestructura,0
292,1,⚙️ Nodo Técnico / Infraestructura,0
293,1,⚙️ Nodo Técnico / Infraestructura,0
294,1,⚙️ Nodo Técnico / Infraestructura,0
295,1,⚙️ Nodo Técnico / Infraestructura,0
296,1,⚙️ Nodo Técnico / Infraestructura,0
297,1,⚙️ Nodo Técnico / Infraestructura,0
298,1,⚙️ Nodo Técnico / Infraestructura,0
299,1,⚙️ Nodo Técnico / Infraestructura,0
300,1,⚙️ Nodo Técnico / Infraestructura,0
301,1,⚙️ Nodo Técnico / Infraestructura,0
302,1,⚙️ Nodo Técnico / Infraestructura,0
303,1,⚙️ Nodo Técnico / Infraestructura,0
304,1,⚙️ Nodo Técnico / Infraestructura,0
305,1,⚙️ Nodo Técnico / Infraestructura,0
306,1,⚙️ Nodo Técnico / Infraestructura,0
307,1,⚙️ Nodo Técnico / Infraestructura,0
308,1,⚙️ Nodo Técnico / Infraestructura,0
309,1,⚙️ Nodo Técnico / Infraestructura,0
310,1,⚙️ Nodo Técnico / Infraestructura,0
311,1,⚙️ Nodo Técnico / Infraestructura,0
312,1,⚙️ Nodo Técnico / Infraestructura,0
313,1,⚙️ Nodo Técnico / Infraestructura,0
314,1,⚙️ Nodo Técnico / Infraestructura,0
315,1,⚙️ Nodo Técnico / Infraestructura,0
316,1,⚙️ Nodo Técnico / Infraestructura,0
317,1,⚙️ Nodo Técnico / Infraestructura,0
318,1,⚙️ Nodo Técnico / Infraestructura,0
319,1,⚙️ Nodo Técnico / Infraestructura,0
320,1,⚙️ Nodo Técnico / Infraestructura,0
321,1,⚙️ Nodo Técnico / Infraestructura,0
322,1,⚙️ Nodo Técnico / Infraestructura,0
323,1,⚙️ Nodo Técnico / Infraestructura,0
324,1,⚙️ Nodo Técnico / Infraestructura,0
325,1,⚙️ Nodo Técnico / Infraestructura,0
326,1,⚙️ Nodo Técnico / Infraestructura,0
327,1,⚙️ Nodo Técnico / Infraestructura,0
328,1,⚙️ Nodo Técnico / Infraestructura,0
329,1,⚙️ Nodo Técnico / Infraestructura,0
330,1,⚙️ Nodo Técnico / Infraestructura,0
331,1,⚙️ Nodo Técnico / Infraestructura,0
332,1,⚙️ Nodo Técnico / Infraestructura,0
333,1,⚙️ Nodo Técnico / Infraestructura,0
334,1,⚙️ Nodo Técnico / Infraestructura,0
335,1,⚙️ Nodo Técnico / Infraestructura,0
336,1,⚙️ Nodo Técnico / Infraestructura,0
337,1,⚙️ Nodo Técnico / Infraestructura,0
338,1,⚙️ Nodo Técnico / Infraestructura,0
339,1,⚙️ Nodo Técnico / Infraestructura,0
340,1,⚙️ Nodo Técnico / Infraestructura,0
341,1,⚙️ Nodo Técnico / Infraestructura,0
342,1,⚙️ Nodo Técnico / Infraestructura,0
343,1,⚙️ Nodo Técnico / Infraestructura,0
344,1,⚙️ Nodo Técnico / Infraestructura,0
345,1,⚙️ Nodo Técnico / Infraestructura,0
346,1,⚙️ Nodo Técnico / Infraestructura,0
347,1,⚙️ Nodo Técnico / Infraestructura,0
348,1,⚙️ Nodo Técnico / Infraestructura,0
349,1,⚙️ Nodo Técnico / Infraestructura,0
350,1,⚙️ Nodo Técnico / Infraestructura,0
351,1,⚙️ Nodo Técnico / Infraestructura,0
352,1,⚙️ Nodo Técnico / Infraestructura,0
353,1,⚙️ Nodo Técnico / Infraestructura,0
354,1,⚙️ Nodo Técnico / Infraestructura,0
355,1,⚙️ Nodo Técnico / Infraestructura,0
356,1,⚙️ Nodo Técnico / Infraestructura,0
357,1,⚙️ Nodo Técnico / Infraestructura,0
358,1,⚙️ Nodo Técnico / Infraestructura,0
359,1,⚙️ Nodo Técnico / Infraestructura,0
360,1,⚙️ Nodo Técnico / Infraestructura,0
361,1,⚙️ Nodo Técnico / Infraestructura,0
362,1,⚙️ Nodo Técnico / Infraestructura,0
363,1,⚙️ Nodo Técnico / Infraestructura,0
364,1,⚙️ Nodo Técnico / Infraestructura,0
365,1,⚙️ Nodo Técnico / Infraestructura,0
366,1,⚙️ Nodo Técnico / Infraestructura,0
367,1,⚙️ Nodo Técnico / Infraestructura,0
368,1,⚙️ Nodo Técnico / Infraestructura,0
369,1,⚙️ Nodo Técnico / Infraestructura,0
370,1,⚙️ Nodo Técnico / Infraestructura,0
371,1,⚙️ Nodo Técnico / Infraestructura,0
372,1,⚙️ Nodo Técnico / Infraestructura,0
373,1,⚙️ Nodo Técnico / Infraestructura,0
374,1,⚙️ Nodo Técnico / Infraestructura,0
375,1,⚙️ Nodo Técnico / Infraestructura,0
376,1,⚙️ Nodo Técnico / Infraestructura,0
377,1,⚙️ Nodo Técnico / Infraestructura,0
378,1,⚙️ Nodo Técnico / Infraestructura,0
379,1,⚙️ Nodo Técnico / Infraestructura,0
380,1,⚙️ Nodo Técnico / Infraestructura,0
381,1,⚙️ Nodo Técnico / Infraestructura,0
382,1,⚙️ Nodo Técnico / Infraestructura,0
383,1,⚙️ Nodo Técnico / Infraestructura,0
384,1,⚙️ Nodo Técnico / Infraestructura,0
385,1,⚙️ Nodo Técnico / Infraestructura,0
386,1,⚙️ Nodo Técnico / Infraestructura,0
387,1,⚙️ Nodo Técnico / Infraestructura,0
388,1,⚙️ Nodo Técnico / Infraestructura,0
389,1,⚙️ Nodo Técnico / Infraestructura,0
390,1,⚙️ Nodo Técnico / Infraestructura,0
391,1,⚙️ Nodo Técnico / Infraestructura,0
392,1,⚙️ Nodo Técnico / Infraestructura,0
393,1,⚙️ Nodo Técnico / Infraestructura,0
394,1,⚙️ Nodo Técnico / Infraestructura,0
395,1,⚙️ Nodo Técnico / Infraestructura,0
396,1,⚙️ Nodo Técnico / Infraestructura,0
397,1,⚙️ Nodo Técnico / Infraestructura,0
398,1,⚙️ Nodo Técnico / Infraestructura,0
399,1,⚙️ Nodo Técnico / Infraestructura,0
400,1,⚙️ Nodo Técnico / Infraestructura,0
401,1,⚙️ Nodo Técnico / Infraestructura,0
402,1,⚙️ Nodo Técnico / Infraestructura,0
403,1,⚙️ Nodo Técnico / Infraestructura,0
404,1,⚙️ Nodo Técnico / Infraestructura,0
405,1,⚙️ Nodo Técnico / Infraestructura,0
406,1,⚙️ Nodo Técnico / Infraestructura,0
407,1,⚙️ Nodo Técnico / Infraestructura,0
408,1,⚙️ Nodo Técnico / Infraestructura,0
409,1,⚙️ Nodo Técnico / Infraestructura,0
410,1,⚙️ Nodo Técnico / Infraestructura,0
411,1,⚙️ Nodo Técnico / Infraestructura,0
412,1,⚙️ Nodo Técnico / Infraestructura,0
413,1,⚙️ Nodo Técnico / Infraestructura,0
414,1,⚙️ Nodo Técnico / Infraestructura,0
415,1,⚙️ Nodo Técnico / Infraestructura,0
416,1,⚙️ Nodo Técnico / Infraestructura,0
417,1,⚙️ Nodo Técnico / Infraestructura,0
418,1,⚙️ Nodo Técnico / Infraestructura,0
419,1,⚙️ Nodo Técnico / Infraestructura,0
420,1,⚙️ Nodo Técnico / Infraestructura,0
421,1,⚙️ Nodo Técnico / Infraestructura,0
422,1,⚙️ Nodo Técnico / Infraestructura,0
423,1,⚙️ Nodo Técnico / Infraestructura,0
424,1,⚙️ Nodo Técnico / Infraestructura,0
425,1,⚙️ Nodo Técnico / Infraestructura,0
426,1,⚙️ Nodo Técnico / Infraestructura,0
427,1,⚙️ Nodo Técnico / Infraestructura,0
428,1,⚙️ Nodo Técnico / Infraestructura,0
429,1,⚙️ Nodo Técnico / Infraestructura,0
430,1,⚙️ Nodo Técnico / Infraestructura,0
431,1,⚙️ Nodo Técnico / Infraestructura,0
432,1,⚙️ Nodo Técnico / Infraestructura,0
433,1,⚙️ Nodo Técnico / Infraestructura,0
434,1,⚙️ Nodo Técnico / Infraestructura,0
435,1,⚙️ Nodo Técnico / Infraestructura,0
436,1,⚙️ Nodo Técnico / Infraestructura,0
437,1,⚙️ Nodo Técnico / Infraestructura,0
438,1,⚙️ Nodo Técnico / Infraestructura,0
439,1,⚙️ Nodo Técnico / Infraestructura,0
440,1,⚙️ Nodo Técnico / Infraestructura,0
441,1,⚙️ Nodo Técnico / Infraestructura,0
442,1,⚙️ Nodo Técnico / Infraestructura,0
443,1,⚙️ Nodo Técnico / Infraestructura,0
444,1,⚙️ Nodo Técnico / Infraestructura,0
445,1,⚙️ Nodo Técnico / Infraestructura,0
446,1,⚙️ Nodo Técnico / Infraestructura,0
447,1,⚙️ Nodo Técnico / Infraestructura,0
448,1,⚙️ Nodo Técnico / Infraestructura,0
449,1,⚙️ Nodo Técnico / Infraestructura,0
450,1,⚙️ Nodo Técnico / Infraestructura,0
451,1,⚙️ Nodo Técnico / Infraestructura,0
452,1,⚙️ Nodo Técnico / Infraestructura,0
453,1,⚙️ Nodo Técnico / Infraestructura,0
454,1,⚙️ Nodo Técnico / Infraestructura,0
455,1,⚙️ Nodo Técnico / Infraestructura,0
456,1,⚙️ Nodo Técnico / Infraestructura,0
457,1,⚙️ Nodo Técnico / Infraestructura,0
458,1,⚙️ Nodo Técnico / Infraestructura,0
459,1,⚙️ Nodo Técnico / Infraestructura,0
460,1,⚙️ Nodo Técnico / Infraestructura,0
461,1,⚙️ Nodo Técnico / Infraestructura,0
462,1,⚙️ Nodo Técnico / Infraestructura,0
463,1,⚙️ Nodo Técnico / Infraestructura,0
464,1,⚙️ Nodo Técnico / Infraestructura,0
465,1,⚙️ Nodo Técnico / Infraestructura,0
466,1,⚙️ Nodo Técnico / Infraestructura,0
467,1,⚙️ Nodo Técnico / Infraestructura,0
468,1,⚙️ Nodo Técnico / Infraestructura,0
469,1,⚙️ Nodo Técnico / Infraestructura,0
470,1,⚙️ Nodo Técnico / Infraestructura,0
471,1,⚙️ Nodo Técnico / Infraestructura,0
472,1,⚙️ Nodo Técnico / Infraestructura,0
473,1,⚙️ Nodo Técnico / Infraestructura,0
474,1,⚙️ Nodo Técnico / Infraestructura,0
475,1,⚙️ Nodo Técnico / Infraestructura,0
476,1,⚙️ Nodo Técnico / Infraestructura,0
477,1,⚙️ Nodo Técnico / Infraestructura,0
478,1,⚙️ Nodo Técnico / Infraestructura,0
479,1,⚙️ Nodo Técnico / Infraestructura,0
480,1,⚙️ Nodo Técnico / Infraestructura,0
481,1,⚙️ Nodo Técnico / Infraestructura,0
482,1,⚙️ Nodo Técnico / Infraestructura,0
483,1,⚙️ Nodo Técnico / Infraestructura,0
484,1,⚙️ Nodo Técnico / Infraestructura,0
485,1,⚙️ Nodo Técnico / Infraestructura,0
486,1,⚙️ Nodo Técnico / Infraestructura,0
487,1,⚙️ Nodo Técnico / Infraestructura,0
488,1,⚙️ Nodo Técnico / Infraestructura,0
489,1,⚙️ Nodo Técnico / Infraestructura,0
490,1,⚙️ Nodo Técnico / Infraestructura,0
491,1,⚙️ Nodo Técnico / Infraestructura,0
492,1,⚙️ Nodo Técnico / Infraestructura,0
493,1,⚙️ Nodo Técnico / Infraestructura,0
494,1,⚙️ Nodo Técnico / Infraestructura,0
495,1,⚙️ Nodo Técnico / Infraestructura,0
496,1,⚙️ Nodo Técnico / Infraestructura,0
497,1,⚙️ Nodo Técnico / Infraestructura,0
498,1,⚙️ Nodo Técnico / Infraestructura,0
499,1,⚙️ Nodo Técnico / Infraestructura,0
500,1,⚙️ Nodo Técnico / Infraestructura,0
501,1,⚙️ Nodo Técnico / Infraestructura,0
502,1,⚙️ Nodo Técnico / Infraestructura,0
503,1,⚙️ Nodo Técnico / Infraestructura,0
504,1,⚙️ Nodo Técnico / Infraestructura,0
505,1,⚙️ Nodo Técnico / Infraestructura,0
506,1,⚙️ Nodo Técnico / Infraestructura,0
507,1,⚙️ Nodo Técnico / Infraestructura,0
508,1,⚙️ Nodo Técnico / Infraestructura,0
509,1,⚙️ Nodo Técnico / Infraestructura,0
510,1,⚙️ Nodo Técnico / Infraestructura,0
511,1,⚙️ Nodo Técnico / Infraestructura,0
512,1,⚙️ Nodo Técnico / Infraestructura,0
513,1,⚙️ Nodo Técnico / Infraestructura,0
514,1,⚙️ Nodo Técnico / Infraestructura,0
515,1,⚙️ Nodo Técnico / Infraestructura,0
516,1,⚙️ Nodo Técnico / Infraestructura,0
517,1,⚙️ Nodo Técnico / Infraestructura,0
518,1,⚙️ Nodo Técnico / Infraestructura,0
519,1,⚙️ Nodo Técnico / Infraestructura,0
520,1,⚙️ Nodo Técnico / Infraestructura,0
521,1,⚙️ Nodo Técnico / Infraestructura,0
522,1,⚙️ Nodo Técnico / Infraestructura,0
523,1,⚙️ Nodo Técnico / Infraestructura,0
524,1,⚙️ Nodo Técnico / Infraestructura,0
525,1,⚙️ Nodo Técnico / Infraestructura,0
526,1,⚙️ Nodo Técnico / Infraestructura,0
527,1,⚙️ Nodo Técnico / Infraestructura,0
528,1,⚙️ Nodo Técnico / Infraestructura,0
529,1,⚙️ Nodo Técnico / Infraestructura,0
530,1,⚙️ Nodo Técnico / Infraestructura,0
531,1,⚙️ Nodo Técnico / Infraestructura,0
532,1,⚙️ Nodo Técnico / Infraestructura,0
533,1,⚙️ Nodo Técnico / Infraestructura,0
534,1,⚙️ Nodo Técnico / Infraestructura,0
535,1,⚙️ Nodo Técnico / Infraestructura,0
536,1,⚙️ Nodo Técnico / Infraestructura,0
537,1,⚙️ Nodo Técnico / Infraestructura,0
538,1,⚙️ Nodo Técnico / Infraestructura,0
539,1,⚙️ Nodo Técnico / Infraestructura,0
540,1,⚙️ Nodo Técnico / Infraestructura,0
541,1,⚙️ Nodo Técnico / Infraestructura,0
542,1,⚙️ Nodo Técnico / Infraestructura,0
543,1,⚙️ Nodo Técnico / Infraestructura,0
544,1,⚙️ Nodo Técnico / Infraestructura,0
545,1,⚙️ Nodo Técnico / Infraestructura,0
546,1,⚙️ Nodo Técnico / Infraestructura,0
547,1,⚙️ Nodo Técnico / Infraestructura,0
548,1,⚙️ Nodo Técnico / Infraestructura,0
549,1,⚙️ Nodo Técnico / Infraestructura,0
550,1,⚙️ Nodo Técnico / Infraestructura,0
551,1,⚙️ Nodo Técnico / Infraestructura,0
552,1,⚙️ Nodo Técnico / Infraestructura,0
553,1,⚙️ Nodo Técnico / Infraestructura,0
554,1,⚙️ Nodo Técnico / Infraestructura,0
555,1,⚙️ Nodo Técnico / Infraestructura,0
556,1,⚙️ Nodo Técnico / Infraestructura,0
557,1,⚙️ Nodo Técnico / Infraestructura,0
558,1,⚙️ Nodo Técnico / Infraestructura,0
559,1,⚙️ Nodo Técnico / Infraestructura,0
560,1,⚙️ Nodo Técnico / Infraestructura,0
561,1,⚙️ Nodo Técnico / Infraestructura,0
562,1,⚙️ Nodo Técnico / Infraestructura,0
563,1,⚙️ Nodo Técnico / Infraestructura,0
564,1,⚙️ Nodo Técnico / Infraestructura,0
565,1,⚙️ Nodo Técnico / Infraestructura,0
566,1,⚙️ Nodo Técnico / Infraestructura,0
567,1,⚙️ Nodo Técnico / Infraestructura,0
568,1,⚙️ Nodo Técnico / Infraestructura,0
569,1,⚙️ Nodo Técnico / Infraestructura,0
570,1,⚙️ Nodo Técnico / Infraestructura,0
571,1,⚙️ Nodo Técnico / Infraestructura,0
572,1,⚙️ Nodo Técnico / Infraestructura,0
573,1,⚙️ Nodo Técnico / Infraestructura,0
574,1,⚙️ Nodo Técnico / Infraestructura,0
575,1,⚙️ Nodo Técnico / Infraestructura,0
576,1,⚙️ Nodo Técnico / Infraestructura,0
577,1,⚙️ Nodo Técnico / Infraestructura,0
578,1,⚙️ Nodo Técnico / Infraestructura,0
579,1,⚙️ Nodo Técnico / Infraestructura,0
580,1,⚙️ Nodo Técnico / Infraestructura,0
581,1,⚙️ Nodo Técnico / Infraestructura,0
582,1,⚙️ Nodo Técnico / Infraestructura,0
583,1,⚙️ Nodo Técnico / Infraestructura,0
584,1,⚙️ Nodo Técnico / Infraestructura,0
585,1,⚙️ Nodo Técnico / Infraestructura,0
586,1,⚙️ Nodo Técnico / Infraestructura,0
587,1,⚙️ Nodo Técnico / Infraestructura,0
588,1,⚙️ Nodo Técnico / Infraestructura,0
589,1,⚙️ Nodo Técnico / Infraestructura,0
590,1,⚙️ Nodo Técnico / Infraestructura,0
591,1,⚙️ Nodo Técnico / Infraestructura,0
592,1,⚙️ Nodo Técnico / Infraestructura,0
593,1,⚙️ Nodo Técnico / Infraestructura,0
594,1,⚙️ Nodo Técnico / Infraestructura,0
595,1,⚙️ Nodo Técnico / Infraestructura,0
596,1,⚙️ Nodo Técnico / Infraestructura,0
597,1,⚙️ Nodo Técnico / Infraestructura,0
598,1,⚙️ Nodo Técnico / Infraestructura,0
599,1,⚙️ Nodo Técnico / Infraestructura,0
600,1,⚙️ Nodo Técnico / Infraestructura,0
601,1,⚙️ Nodo Técnico / Infraestructura,0
602,1,⚙️ Nodo Técnico / Infraestructura,0
603,1,⚙️ Nodo Técnico / Infraestructura,0
604,1,⚙️ Nodo Técnico / Infraestructura,0
605,1,⚙️ Nodo Técnico / Infraestructura,0
606,1,⚙️ Nodo Técnico / Infraestructura,0
607,1,⚙️ Nodo Técnico / Infraestructura,0
608,1,⚙️ Nodo Técnico / Infraestructura,0
609,1,⚙️ Nodo Técnico / Infraestructura,0
610,1,⚙️ Nodo Técnico / Infraestructura,0
611,1,⚙️ Nodo Técnico / Infraestructura,0
612,1,⚙️ Nodo Técnico / Infraestructura,0
613,1,⚙️ Nodo Técnico / Infraestructura,0
614,1,⚙️ Nodo Técnico / Infraestructura,0
615,1,⚙️ Nodo Técnico / Infraestructura,0
616,1,⚙️ Nodo Técnico / Infraestructura,0
617,1,⚙️ Nodo Técnico / Infraestructura,0
618,1,⚙️ Nodo Técnico / Infraestructura,0
619,1,⚙️ Nodo Técnico / Infraestructura,0
620,1,⚙️ Nodo Técnico / Infraestructura,0
621,1,⚙️ Nodo Técnico / Infraestructura,0
622,1,⚙️ Nodo Técnico / Infraestructura,0
623,1,⚙️ Nodo Técnico / Infraestructura,0
624,1,⚙️ Nodo Técnico / Infraestructura,0
625,1,⚙️ Nodo Técnico / Infraestructura,0
626,1,⚙️ Nodo Técnico / Infraestructura,0
627,1,⚙️ Nodo Técnico / Infraestructura,0
628,1,⚙️ Nodo Técnico / Infraestructura,0
629,1,⚙️ Nodo Técnico / Infraestructura,0
630,1,⚙️ Nodo Técnico / Infraestructura,0
631,1,⚙️ Nodo Técnico / Infraestructura,0
632,1,⚙️ Nodo Técnico / Infraestructura,0
633,1,⚙️ Nodo Técnico / Infraestructura,0
634,1,⚙️ Nodo Técnico / Infraestructura,0
635,1,⚙️ Nodo Técnico / Infraestructura,0
636,1,⚙️ Nodo Técnico / Infraestructura,0
637,1,⚙️ Nodo Técnico / Infraestructura,0
638,1,⚙️ Nodo Técnico / Infraestructura,0
639,1,⚙️ Nodo Técnico / Infraestructura,0
640,1,⚙️ Nodo Técnico / Infraestructura,0
641,1,⚙️ Nodo Técnico / Infraestructura,0
642,1,⚙️ Nodo Técnico / Infraestructura,0
643,1,⚙️ Nodo Técnico / Infraestructura,0
644,1,⚙️ Nodo Técnico / Infraestructura,0
645,1,⚙️ Nodo Técnico / Infraestructura,0
646,1,⚙️ Nodo Técnico / Infraestructura,0
647,1,⚙️ Nodo Técnico / Infraestructura,0
648,1,⚙️ Nodo Técnico / Infraestructura,0
649,1,⚙️ Nodo Técnico / Infraestructura,0
650,1,⚙️ Nodo Técnico / Infraestructura,0
651,1,⚙️ Nodo Técnico / Infraestructura,0
652,1,⚙️ Nodo Técnico / Infraestructura,0
653,1,⚙️ Nodo Técnico / Infraestructura,0
654,1,⚙️ Nodo Técnico / Infraestructura,0
655,1,⚙️ Nodo Técnico / Infraestructura,0
656,1,⚙️ Nodo Técnico / Infraestructura,0
657,1,⚙️ Nodo Técnico / Infraestructura,0
658,1,⚙️ Nodo Técnico / Infraestructura,0
659,1,⚙️ Nodo Técnico / Infraestructura,0
660,1,⚙️ Nodo Técnico / Infraestructura,0
661,1,⚙️ Nodo Técnico / Infraestructura,0
662,1,⚙️ Nodo Técnico / Infraestructura,0
663,1,⚙️ Nodo Técnico / Infraestructura,0
664,1,⚙️ Nodo Técnico / Infraestructura,0
665,1,⚙️ Nodo Técnico / Infraestructura,0
666,1,⚙️ Nodo Técnico / Infraestructura,0
667,1,⚙️ Nodo Técnico / Infraestructura,0
668,1,⚙️ Nodo Técnico / Infraestructura,0
669,1,⚙️ Nodo Técnico / Infraestructura,0
670,1,⚙️ Nodo Técnico / Infraestructura,0
671,1,⚙️ Nodo Técnico / Infraestructura,0
672,1,⚙️ Nodo Técnico / Infraestructura,0
673,1,⚙️ Nodo Técnico / Infraestructura,0
674,1,⚙️ Nodo Técnico / Infraestructura,0
675,1,⚙️ Nodo Técnico / Infraestructura,0
676,1,⚙️ Nodo Técnico / Infraestructura,0
677,1,⚙️ Nodo Técnico / Infraestructura,0
678,1,⚙️ Nodo Técnico / Infraestructura,0
679,1,⚙️ Nodo Técnico / Infraestructura,0
680,1,⚙️ Nodo Técnico / Infraestructura,0
681,1,⚙️ Nodo Técnico / Infraestructura,0
682,1,⚙️ Nodo Técnico / Infraestructura,0
683,1,⚙️ Nodo Técnico / Infraestructura,0
684,1,⚙️ Nodo Técnico / Infraestructura,0
685,1,⚙️ Nodo Técnico / Infraestructura,0
686,1,⚙️ Nodo Técnico / Infraestructura,0
687,1,⚙️ Nodo Técnico / Infraestructura,0
688,1,⚙️ Nodo Técnico / Infraestructura,0
689,1,⚙️ Nodo Técnico / Infraestructura,0
690,1,⚙️ Nodo Técnico / Infraestructura,0
691,1,⚙️ Nodo Técnico / Infraestructura,0
692,1,⚙️ Nodo Técnico / Infraestructura,0
693,1,⚙️ Nodo Técnico / Infraestructura,0
694,1,⚙️ Nodo Técnico / Infraestructura,0
695,1,⚙️ Nodo Técnico / Infraestructura,0
696,1,⚙️ Nodo Técnico / Infraestructura,0
697,1,⚙️ Nodo Técnico / Infraestructura,0
698,1,⚙️ Nodo Técnico / Infraestructura,0
699,1,⚙️ Nodo Técnico / Infraestructura,0
700,1,⚙️ Nodo Técnico / Infraestructura,0
701,1,⚙️ Nodo Técnico / Infraestructura,0
702,1,⚙️ Nodo Técnico / Infraestructura,0
703,1,⚙️ Nodo Técnico / Infraestructura,0
704,1,⚙️ Nodo Técnico / Infraestructura,0
705,1,⚙️ Nodo Técnico / Infraestructura,0
706,1,⚙️ Nodo Técnico / Infraestructura,0
707,1,⚙️ Nodo Técnico / Infraestructura,0
708,1,⚙️ Nodo Técnico / Infraestructura,0
709,1,⚙️ Nodo Técnico / Infraestructura,0
710,1,⚙️ Nodo Técnico / Infraestructura,0
711,1,⚙️ Nodo Técnico / Infraestructura,0
712,1,⚙️ Nodo Técnico / Infraestructura,0
713,1,⚙️ Nodo Técnico / Infraestructura,0
714,1,⚙️ Nodo Técnico / Infraestructura,0
715,1,⚙️ Nodo Técnico / Infraestructura,0
716,1,⚙️ Nodo Técnico / Infraestructura,0
717,1,⚙️ Nodo Técnico / Infraestructura,0
718,1,⚙️ Nodo Técnico / Infraestructura,0
719,1,⚙️ Nodo Técnico / Infraestructura,0
720,1,⚙️ Nodo Técnico / Infraestructura,0
721,1,⚙️ Nodo Técnico / Infraestructura,0
722,1,⚙️ Nodo Técnico / Infraestructura,0
723,1,⚙️ Nodo Técnico / Infraestructura,0
724,1,⚙️ Nodo Técnico / Infraestructura,0
725,1,⚙️ Nodo Técnico / Infraestructura,0
726,1,⚙️ Nodo Técnico / Infraestructura,0
727,1,⚙️ Nodo Técnico / Infraestructura,0
728,1,⚙️ Nodo Técnico / Infraestructura,0
729,1,⚙️ Nodo Técnico / Infraestructura,0
730,1,⚙️ Nodo Técnico / Infraestructura,0
731,1,⚙️ Nodo Técnico / Infraestructura,0
732,1,⚙️ Nodo Técnico / Infraestructura,0
733,1,⚙️ Nodo Técnico / Infraestructura,0
734,1,⚙️ Nodo Técnico / Infraestructura,0
735,1,⚙️ Nodo Técnico / Infraestructura,0
736,1,⚙️ Nodo Técnico / Infraestructura,0
737,1,⚙️ Nodo Técnico / Infraestructura,0
738,1,⚙️ Nodo Técnico / Infraestructura,0
739,1,⚙️ Nodo Técnico / Infraestructura,0
740,1,⚙️ Nodo Técnico / Infraestructura,0
741,1,⚙️ Nodo Técnico / Infraestructura,0
742,1,⚙️ Nodo Técnico / Infraestructura,0
743,1,⚙️ Nodo Técnico / Infraestructura,0
744,1,⚙️ Nodo Técnico / Infraestructura,0
745,1,⚙️ Nodo Técnico / Infraestructura,0
746,1,⚙️ Nodo Técnico / Infraestructura,0
747,1,⚙️ Nodo Técnico / Infraestructura,0
748,1,⚙️ Nodo Técnico / Infraestructura,0
749,1,⚙️ Nodo Técnico / Infraestructura,0
750,1,⚙️ Nodo Técnico / Infraestructura,0
751,1,⚙️ Nodo Técnico / Infraestructura,0
752,1,⚙️ Nodo Técnico / Infraestructura,0
753,1,⚙️ Nodo Técnico / Infraestructura,0
754,1,⚙️ Nodo Técnico / Infraestructura,0
755,1,⚙️ Nodo Técnico / Infraestructura,0
756,1,⚙️ Nodo Técnico / Infraestructura,0
757,1,⚙️ Nodo Técnico / Infraestructura,0
758,1,⚙️ Nodo Técnico / Infraestructura,0
759,1,⚙️ Nodo Técnico / Infraestructura,0
760,1,⚙️ Nodo Técnico / Infraestructura,0
761,1,⚙️ Nodo Técnico / Infraestructura,0
762,1,⚙️ Nodo Técnico / Infraestructura,0
763,1,⚙️ Nodo Técnico / Infraestructura,0
764,1,⚙️ Nodo Técnico / Infraestructura,0
765,1,⚙️ Nodo Técnico / Infraestructura,0
766,1,⚙️ Nodo Técnico / Infraestructura,0
767,1,⚙️ Nodo Técnico / Infraestructura,0
768,1,⚙️ Nodo Técnico / Infraestructura,0
769,1,⚙️ Nodo Técnico / Infraestructura,0
770,1,⚙️ Nodo Técnico / Infraestructura,0
771,1,⚙️ Nodo Técnico / Infraestructura,0
772,1,⚙️ Nodo Técnico / Infraestructura,0
773,1,⚙️ Nodo Técnico / Infraestructura,0
774,1,⚙️ Nodo Técnico / Infraestructura,0
775,1,⚙️ Nodo Técnico / Infraestructura,0
776,1,⚙️ Nodo Técnico / Infraestructura,0
777,1,⚙️ Nodo Técnico / Infraestructura,0
778,1,⚙️ Nodo Técnico / Infraestructura,0
779,1,⚙️ Nodo Técnico / Infraestructura,0
780,1,⚙️ Nodo Técnico / Infraestructura,0
781,1,⚙️ Nodo Técnico / Infraestructura,0
782,1,⚙️ Nodo Técnico / Infraestructura,0
783,1,⚙️ Nodo Técnico / Infraestructura,0
784,1,⚙️ Nodo Técnico / Infraestructura,0
785,1,⚙️ Nodo Técnico / Infraestructura,0
786,1,⚙️ Nodo Técnico / Infraestructura,0
787,1,⚙️ Nodo Técnico / Infraestructura,0
788,1,⚙️ Nodo Técnico / Infraestructura,0
789,1,⚙️ Nodo Técnico / Infraestructura,0
790,1,⚙️ Nodo Técnico / Infraestructura,0
791,1,⚙️ Nodo Técnico / Infraestructura,0
792,1,⚙️ Nodo Técnico / Infraestructura,0
793,1,⚙️ Nodo Técnico / Infraestructura,0
794,1,⚙️ Nodo Técnico / Infraestructura,0
795,1,⚙️ Nodo Técnico / Infraestructura,0
796,1,⚙️ Nodo Técnico / Infraestructura,0
797,1,⚙️ Nodo Técnico / Infraestructura,0
798,1,⚙️ Nodo Técnico / Infraestructura,0
799,1,⚙️ Nodo Técnico / Infraestructura,0
800,1,⚙️ Nodo Técnico / Infraestructura,0
801,1,⚙️ Nodo Técnico / Infraestructura,0
802,1,⚙️ Nodo Técnico / Infraestructura,0
803,1,⚙️ Nodo Técnico / Infraestructura,0
804,1,⚙️ Nodo Técnico / Infraestructura,0
805,1,⚙️ Nodo Técnico / Infraestructura,0
806,1,⚙️ Nodo Técnico / Infraestructura,0
807,1,⚙️ Nodo Técnico / Infraestructura,0
808,1,⚙️ Nodo Técnico / Infraestructura,0
809,1,⚙️ Nodo Técnico / Infraestructura,0
810,1,⚙️ Nodo Técnico / Infraestructura,0
811,1,⚙️ Nodo Técnico / Infraestructura,0
812,1,⚙️ Nodo Técnico / Infraestructura,0
813,1,⚙️ Nodo Técnico / Infraestructura,0
814,1,⚙️ Nodo Técnico / Infraestructura,0
815,1,⚙️ Nodo Técnico / Infraestructura,0
816,1,⚙️ Nodo Técnico / Infraestructura,0
817,1,⚙️ Nodo Técnico / Infraestructura,0
818,1,⚙️ Nodo Técnico / Infraestructura,0
819,1,⚙️ Nodo Técnico / Infraestructura,0
820,1,⚙️ Nodo Técnico / Infraestructura,0
821,1,⚙️ Nodo Técnico / Infraestructura,0
822,1,⚙️ Nodo Técnico / Infraestructura,0
823,1,⚙️ Nodo Técnico / Infraestructura,0
824,1,⚙️ Nodo Técnico / Infraestructura,0
825,1,⚙️ Nodo Técnico / Infraestructura,0
826,1,⚙️ Nodo Técnico / Infraestructura,0
827,1,⚙️ Nodo Técnico / Infraestructura,0
828,1,⚙️ Nodo Técnico / Infraestructura,0
829,1,⚙️ Nodo Técnico / Infraestructura,0
830,1,⚙️ Nodo Técnico / Infraestructura,0
831,1,⚙️ Nodo Técnico / Infraestructura,0
832,1,⚙️ Nodo Técnico / Infraestructura,0
833,1,⚙️ Nodo Técnico / Infraestructura,0
834,1,⚙️ Nodo Técnico / Infraestructura,0
835,1,⚙️ Nodo Técnico / Infraestructura,0
836,1,⚙️ Nodo Técnico / Infraestructura,0
837,1,⚙️ Nodo Técnico / Infraestructura,0
838,1,⚙️ Nodo Técnico / Infraestructura,0
839,1,⚙️ Nodo Técnico / Infraestructura,0
840,1,⚙️ Nodo Técnico / Infraestructura,0
841,1,⚙️ Nodo Técnico / Infraestructura,0
842,1,⚙️ Nodo Técnico / Infraestructura,0
843,1,⚙️ Nodo Técnico / Infraestructura,0
844,1,⚙️ Nodo Técnico / Infraestructura,0
845,1,⚙️ Nodo Técnico / Infraestructura,0
846,1,⚙️ Nodo Técnico / Infraestructura,0
847,1,⚙️ Nodo Técnico / Infraestructura,0
848,1,⚙️ Nodo Técnico / Infraestructura,0
849,1,⚙️ Nodo Técnico / Infraestructura,0
850,1,⚙️ Nodo Técnico / Infraestructura,0
851,1,⚙️ Nodo Técnico / Infraestructura,0
852,1,⚙️ Nodo Técnico / Infraestructura,0
853,1,⚙️ Nodo Técnico / Infraestructura,0
854,1,⚙️ Nodo Técnico / Infraestructura,0
855,1,⚙️ Nodo Técnico / Infraestructura,0
856,1,⚙️ Nodo Técnico / Infraestructura,0
857,1,⚙️ Nodo Técnico / Infraestructura,0
858,1,⚙️ Nodo Técnico / Infraestructura,0
859,1,⚙️ Nodo Técnico / Infraestructura,0
860,1,⚙️ Nodo Técnico / Infraestructura,0
861,1,⚙️ Nodo Técnico / Infraestructura,0
862,1,⚙️ Nodo Técnico / Infraestructura,0
863,1,⚙️ Nodo Técnico / Infraestructura,0
864,1,⚙️ Nodo Técnico / Infraestructura,0
865,1,⚙️ Nodo Técnico / Infraestructura,0
866,1,⚙️ Nodo Técnico / Infraestructura,0
867,1,⚙️ Nodo Técnico / Infraestructura,0
868,1,⚙️ Nodo Técnico / Infraestructura,0
869,1,⚙️ Nodo Técnico / Infraestructura,0
870,1,⚙️ Nodo Técnico / Infraestructura,0
871,1,⚙️ Nodo Técnico / Infraestructura,0
872,1,⚙️ Nodo Técnico / Infraestructura,0
873,1,⚙️ Nodo Técnico / Infraestructura,0
874,1,⚙️ Nodo Técnico / Infraestructura,0
875,1,⚙️ Nodo Técnico / Infraestructura,0
876,1,⚙️ Nodo Técnico / Infraestructura,0
877,1,⚙️ Nodo Técnico / Infraestructura,0
878,1,⚙️ Nodo Técnico / Infraestructura,0
879,1,⚙️ Nodo Técnico / Infraestructura,0
880,1,⚙️ Nodo Técnico / Infraestructura,0
881,1,⚙️ Nodo Técnico / Infraestructura,0
882,1,⚙️ Nodo Técnico / Infraestructura,0
883,1,⚙️ Nodo Técnico / Infraestructura,0
884,1,⚙️ Nodo Técnico / Infraestructura,0
885,1,⚙️ Nodo Técnico / Infraestructura,0
886,1,⚙️ Nodo Técnico / Infraestructura,0
887,1,⚙️ Nodo Técnico / Infraestructura,0
888,1,⚙️ Nodo Técnico / Infraestructura,0
889,1,⚙️ Nodo Técnico / Infraestructura,0
890,1,⚙️ Nodo Técnico / Infraestructura,0
891,1,⚙️ Nodo Técnico / Infraestructura,0
892,1,⚙️ Nodo Técnico / Infraestructura,0
893,1,⚙️ Nodo Técnico / Infraestructura,0
894,1,⚙️ Nodo Técnico / Infraestructura,0
895,1,⚙️ Nodo Técnico / Infraestructura,0
896,1,⚙️ Nodo Técnico / Infraestructura,0
897,1,⚙️ Nodo Técnico / Infraestructura,0
898,1,⚙️ Nodo Técnico / Infraestructura,0
899,1,⚙️ Nodo Técnico / Infraestructura,0
900,1,⚙️ Nodo Técnico / Infraestructura,0
901,1,⚙️ Nodo Técnico / Infraestructura,0
902,1,⚙️ Nodo Técnico / Infraestructura,0
903,1,⚙️ Nodo Técnico / Infraestructura,0
904,1,⚙️ Nodo Técnico / Infraestructura,0
905,1,⚙️ Nodo Técnico / Infraestructura,0
906,1,⚙️ Nodo Técnico / Infraestructura,0
907,1,⚙️ Nodo Técnico / Infraestructura,0
908,1,⚙️ Nodo Técnico / Infraestructura,0
909,1,⚙️ Nodo Técnico / Infraestructura,0
910,1,⚙️ Nodo Técnico / Infraestructura,0
911,1,⚙️ Nodo Técnico / Infraestructura,0
912,1,⚙️ Nodo Técnico / Infraestructura,0
913,1,⚙️ Nodo Técnico / Infraestructura,0
914,1,⚙️ Nodo Técnico / Infraestructura,0
915,1,⚙️ Nodo Técnico / Infraestructura,0
916,1,⚙️ Nodo Técnico / Infraestructura,0
917,1,⚙️ Nodo Técnico / Infraestructura,0
918,1,⚙️ Nodo Técnico / Infraestructura,0
919,1,⚙️ Nodo Técnico / Infraestructura,0
920,1,⚙️ Nodo Técnico / Infraestructura,0
921,1,⚙️ Nodo Técnico / Infraestructura,0
922,1,⚙️ Nodo Técnico / Infraestructura,0
923,1,⚙️ Nodo Técnico / Infraestructura,0
924,1,⚙️ Nodo Técnico / Infraestructura,0
925,1,⚙️ Nodo Técnico / Infraestructura,0
926,1,⚙️ Nodo Técnico / Infraestructura,0
927,1,⚙️ Nodo Técnico / Infraestructura,0
928,1,⚙️ Nodo Técnico / Infraestructura,0
929,1,⚙️ Nodo Técnico / Infraestructura,0
930,1,⚙️ Nodo Técnico / Infraestructura,0
931,1,⚙️ Nodo Técnico / Infraestructura,0
932,1,⚙️ Nodo Técnico / Infraestructura,0
933,1,⚙️ Nodo Técnico / Infraestructura,0
934,1,⚙️ Nodo Técnico / Infraestructura,0
935,1,⚙️ Nodo Técnico / Infraestructura,0
936,1,⚙️ Nodo Técnico / Infraestructura,0
937,1,⚙️ Nodo Técnico / Infraestructura,0
938,1,⚙️ Nodo Técnico / Infraestructura,0
939,1,⚙️ Nodo Técnico / Infraestructura,0
940,1,⚙️ Nodo Técnico / Infraestructura,0
941,1,⚙️ Nodo Técnico / Infraestructura,0
942,1,⚙️ Nodo Técnico / Infraestructura,0
943,1,⚙️ Nodo Técnico / Infraestructura,0
944,1,⚙️ Nodo Técnico / Infraestructura,0
945,1,⚙️ Nodo Técnico / Infraestructura,0
946,1,⚙️ Nodo Técnico / Infraestructura,0
947,1,⚙️ Nodo Técnico / Infraestructura,0
948,1,⚙️ Nodo Técnico / Infraestructura,0
949,1,⚙️ Nodo Técnico / Infraestructura,0
950,1,⚙️ Nodo Técnico / Infraestructura,0
951,1,⚙️ Nodo Técnico / Infraestructura,0
952,1,⚙️ Nodo Técnico / Infraestructura,0
953,1,⚙️ Nodo Técnico / Infraestructura,0
954,1,⚙️ Nodo Técnico / Infraestructura,0
955,1,⚙️ Nodo Técnico / Infraestructura,0
956,1,⚙️ Nodo Técnico / Infraestructura,0
957,1,⚙️ Nodo Técnico / Infraestructura,0
958,1,⚙️ Nodo Técnico / Infraestructura,0
959,1,⚙️ Nodo Técnico / Infraestructura,0
960,1,⚙️ Nodo Técnico / Infraestructura,0
961,1,⚙️ Nodo Técnico / Infraestructura,0
962,1,⚙️ Nodo Técnico / Infraestructura,0
963,1,⚙️ Nodo Técnico / Infraestructura,0
964,1,⚙️ Nodo Técnico / Infraestructura,0
965,1,⚙️ Nodo Técnico / Infraestructura,0
966,1,⚙️ Nodo Técnico / Infraestructura,0
967,1,⚙️ Nodo Técnico / Infraestructura,0
968,1,⚙️ Nodo Técnico / Infraestructura,0
969,1,⚙️ Nodo Técnico / Infraestructura,0
970,1,⚙️ Nodo Técnico / Infraestructura,0
971,1,⚙️ Nodo Técnico / Infraestructura,0
972,1,⚙️ Nodo Técnico / Infraestructura,0
973,1,⚙️ Nodo Técnico / Infraestructura,0
974,1,⚙️ Nodo Técnico / Infraestructura,0
975,1,⚙️ Nodo Técnico / Infraestructura,0
976,1,⚙️ Nodo Técnico / Infraestructura,0
977,1,⚙️ Nodo Técnico / Infraestructura,0
978,1,⚙️ Nodo Técnico / Infraestructura,0
979,1,⚙️ Nodo Técnico / Infraestructura,0
980,1,⚙️ Nodo Técnico / Infraestructura,0
981,1,⚙️ Nodo Técnico / Infraestructura,0
982,1,⚙️ Nodo Técnico / Infraestructura,0
983,1,⚙️ Nodo Técnico / Infraestructura,0
984,1,⚙️ Nodo Técnico / Infraestructura,0
985,1,⚙️ Nodo Técnico / Infraestructura,0
986,1,⚙️ Nodo Técnico / Infraestructura,0
987,1,⚙️ Nodo Técnico / Infraestructura,0
988,1,⚙️ Nodo Técnico / Infraestructura,0
989,1,⚙️ Nodo Técnico / Infraestructura,0
990,1,⚙️ Nodo Técnico / Infraestructura,0
991,1,⚙️ Nodo Técnico / Infraestructura,0
992,1,⚙️ Nodo Técnico / Infraestructura,0
993,1,⚙️ Nodo Técnico / Infraestructura,0
994,1,⚙️ Nodo Técnico / Infraestructura,0
995,1,⚙️ Nodo Técnico / Infraestructura,0
996,1,⚙️ Nodo Técnico / Infraestructura,0
997,1,⚙️ Nodo Técnico / Infraestructura,0
998,1,⚙️ Nodo Técnico / Infraestructura,0
999,1,⚙️ Nodo Técnico / Infraestructura,0
1000,1,⚙️ Nodo Técnico / Infraestructura,0
1001,1,⚙️ Nodo Técnico / Infraestructura,0
1002,1,⚙️ Nodo Técnico / Infraestructura,0
1003,1,⚙️ Nodo Técnico / Infraestructura,0
1004,1,⚙️ Nodo Técnico / Infraestructura,0
1005,1,⚙️ Nodo Técnico / Infraestructura,0
1006,1,⚙️ Nodo Técnico / Infraestructura,0
1007,1,⚙️ Nodo Técnico / Infraestructura,0
1008,1,⚙️ Nodo Técnico / Infraestructura,0
1009,1,⚙️ Nodo Técnico / Infraestructura,0
1010,1,⚙️ Nodo Técnico / Infraestructura,0
1011,1,⚙️ Nodo Técnico / Infraestructura,0
1012,1,⚙️ Nodo Técnico / Infraestructura,0
1013,1,⚙️ Nodo Técnico / Infraestructura,0
1014,1,⚙️ Nodo Técnico / Infraestructura,0
1015,1,⚙️ Nodo Técnico / Infraestructura,0
1016,1,⚙️ Nodo Técnico / Infraestructura,0
1017,1,⚙️ Nodo Técnico / Infraestructura,0
1018,1,⚙️ Nodo Técnico / Infraestructura,0
1019,1,⚙️ Nodo Técnico / Infraestructura,0
1020,1,⚙️ Nodo Técnico / Infraestructura,0
1021,1,⚙️ Nodo Técnico / Infraestructura,0
1022,1,⚙️ Nodo Técnico / Infraestructura,0
1023,1,⚙️ Nodo Técnico / Infraestructura,0
1024,1,⚙️ Nodo Técnico / Infraestructura,0
1025,1,⚙️ Nodo Técnico / Infraestructura,0
1026,1,⚙️ Nodo Técnico / Infraestructura,0
1027,1,⚙️ Nodo Técnico / Infraestructura,0
1028,1,⚙️ Nodo Técnico / Infraestructura,0
1029,1,⚙️ Nodo Técnico / Infraestructura,0
1030,1,⚙️ Nodo Técnico / Infraestructura,0
1031,1,⚙️ Nodo Técnico / Infraestructura,0
1032,1,⚙️ Nodo Técnico / Infraestructura,0
1033,1,⚙️ Nodo Técnico / Infraestructura,0
1034,1,⚙️ Nodo Técnico / Infraestructura,0
1035,1,⚙️ Nodo Técnico / Infraestructura,0
1036,1,⚙️ Nodo Técnico / Infraestructura,0
1037,1,⚙️ Nodo Técnico / Infraestructura,0
1038,1,⚙️ Nodo Técnico / Infraestructura,0
1039,1,⚙️ Nodo Técnico / Infraestructura,0
1040,1,⚙️ Nodo Técnico / Infraestructura,0
1041,1,⚙️ Nodo Técnico / Infraestructura,0
1042,1,⚙️ Nodo Técnico / Infraestructura,0
1043,1,⚙️ Nodo Técnico / Infraestructura,0
1044,1,⚙️ Nodo Técnico / Infraestructura,0
1045,1,⚙️ Nodo Técnico / Infraestructura,0
1046,1,⚙️ Nodo Técnico / Infraestructura,0
1047,1,⚙️ Nodo Técnico / Infraestructura,0
1048,1,⚙️ Nodo Técnico / Infraestructura,0
1049,1,⚙️ Nodo Técnico / Infraestructura,0
1050,1,⚙️ Nodo Técnico / Infraestructura,0
1051,1,⚙️ Nodo Técnico / Infraestructura,0
1052,1,⚙️ Nodo Técnico / Infraestructura,0
1053,1,⚙️ Nodo Técnico / Infraestructura,0
1054,1,⚙️ Nodo Técnico / Infraestructura,0
1055,1,⚙️ Nodo Técnico / Infraestructura,0
1056,1,⚙️ Nodo Técnico / Infraestructura,0
1057,1,⚙️ Nodo Técnico / Infraestructura,0
1058,1,⚙️ Nodo Técnico / Infraestructura,0
1059,1,⚙️ Nodo Técnico / Infraestructura,0
1060,1,⚙️ Nodo Técnico / Infraestructura,0
1061,1,⚙️ Nodo Técnico / Infraestructura,0
1062,1,⚙️ Nodo Técnico / Infraestructura,0
1063,1,⚙️ Nodo Técnico / Infraestructura,0
1064,1,⚙️ Nodo Técnico / Infraestructura,0
1065,1,⚙️ Nodo Técnico / Infraestructura,0
1066,1,⚙️ Nodo Técnico / Infraestructura,0
1067,1,⚙️ Nodo Técnico / Infraestructura,0
1068,1,⚙️ Nodo Técnico / Infraestructura,0
1069,1,⚙️ Nodo Técnico / Infraestructura,0
1070,1,⚙️ Nodo Técnico / Infraestructura,0
1071,1,⚙️ Nodo Técnico / Infraestructura,0
1072,1,⚙️ Nodo Técnico / Infraestructura,0
1073,1,⚙️ Nodo Técnico / Infraestructura,0
1074,1,⚙️ Nodo Técnico / Infraestructura,0
1075,1,⚙️ Nodo Técnico / Infraestructura,0
1076,1,⚙️ Nodo Técnico / Infraestructura,0
1077,1,⚙️ Nodo Técnico / Infraestructura,0
1078,1,⚙️ Nodo Técnico / Infraestructura,0
1079,1,⚙️ Nodo Técnico / Infraestructura,0
1080,1,⚙️ Nodo Técnico / Infraestructura,0
1081,1,⚙️ Nodo Técnico / Infraestructura,0
1082,1,⚙️ Nodo Técnico / Infraestructura,0
1083,1,⚙️ Nodo Técnico / Infraestructura,0
1084,1,⚙️ Nodo Técnico / Infraestructura,0
1085,1,⚙️ Nodo Técnico / Infraestructura,0
1086,1,⚙️ Nodo Técnico / Infraestructura,0
1087,1,⚙️ Nodo Técnico / Infraestructura,0
1088,1,⚙️ Nodo Técnico / Infraestructura,0
1089,1,⚙️ Nodo Técnico / Infraestructura,0
1090,1,⚙️ Nodo Técnico / Infraestructura,0
1091,1,⚙️ Nodo Técnico / Infraestructura,0
1092,1,⚙️ Nodo Técnico / Infraestructura,0
1093,1,⚙️ Nodo Técnico / Infraestructura,0
1094,1,⚙️ Nodo Técnico / Infraestructura,0
1095,1,⚙️ Nodo Técnico / Infraestructura,0
1096,1,⚙️ Nodo Técnico / Infraestructura,0
1097,1,⚙️ Nodo Técnico / Infraestructura,0
1098,1,⚙️ Nodo Técnico / Infraestructura,0
1099,1,⚙️ Nodo Técnico / Infraestructura,0
1100,1,⚙️ Nodo Técnico / Infraestructura,0
1101,1,⚙️ Nodo Técnico / Infraestructura,0
1102,1,⚙️ Nodo Técnico / Infraestructura,0
1103,1,⚙️ Nodo Técnico / Infraestructura,0
1104,1,⚙️ Nodo Técnico / Infraestructura,0
1105,1,⚙️ Nodo Técnico / Infraestructura,0
1106,1,⚙️ Nodo Técnico / Infraestructura,0
1107,1,⚙️ Nodo Técnico / Infraestructura,0
1108,1,⚙️ Nodo Técnico / Infraestructura,0
1109,1,⚙️ Nodo Técnico / Infraestructura,0
1110,1,⚙️ Nodo Técnico / Infraestructura,0
1111,1,⚙️ Nodo Técnico / Infraestructura,0
1112,1,⚙️ Nodo Técnico / Infraestructura,0
1113,1,⚙️ Nodo Técnico / Infraestructura,0
1114,1,⚙️ Nodo Técnico / Infraestructura,0
1115,1,⚙️ Nodo Técnico / Infraestructura,0
1116,1,⚙️ Nodo Técnico / Infraestructura,0
1117,1,⚙️ Nodo Técnico / Infraestructura,0
1118,1,⚙️ Nodo Técnico / Infraestructura,0
1119,1,⚙️ Nodo Técnico / Infraestructura,0
1120,1,⚙️ Nodo Técnico / Infraestructura,0
1121,1,⚙️ Nodo Técnico / Infraestructura,0
1122,1,⚙️ Nodo Técnico / Infraestructura,0
1123,1,⚙️ Nodo Técnico / Infraestructura,0
1124,1,⚙️ Nodo Técnico / Infraestructura,0
1125,1,⚙️ Nodo Técnico / Infraestructura,0
1126,1,⚙️ Nodo Técnico / Infraestructura,0
1127,1,⚙️ Nodo Técnico / Infraestructura,0
1128,1,⚙️ Nodo Técnico / Infraestructura,0
1129,1,⚙️ Nodo Técnico / Infraestructura,0
1130,1,⚙️ Nodo Técnico / Infraestructura,0
1131,1,⚙️ Nodo Técnico / Infraestructura,0
1132,1,⚙️ Nodo Técnico / Infraestructura,0
1133,1,⚙️ Nodo Técnico / Infraestructura,0
1134,1,⚙️ Nodo Técnico / Infraestructura,0
1135,1,⚙️ Nodo Técnico / Infraestructura,0
1136,1,⚙️ Nodo Técnico / Infraestructura,0
1137,1,⚙️ Nodo Técnico / Infraestructura,0
1138,1,⚙️ Nodo Técnico / Infraestructura,0
1139,1,⚙️ Nodo Técnico / Infraestructura,0
1140,1,⚙️ Nodo Técnico / Infraestructura,0
1141,1,⚙️ Nodo Técnico / Infraestructura,0
1142,1,⚙️ Nodo Técnico / Infraestructura,0
1143,1,⚙️ Nodo Técnico / Infraestructura,0
1144,1,⚙️ Nodo Técnico / Infraestructura,0
1145,1,⚙️ Nodo Técnico / Infraestructura,0
1146,1,⚙️ Nodo Técnico / Infraestructura,0
1147,1,⚙️ Nodo Técnico / Infraestructura,0
1148,1,⚙️ Nodo Técnico / Infraestructura,0
1149,1,⚙️ Nodo Técnico / Infraestructura,0
1150,1,⚙️ Nodo Técnico / Infraestructura,0
1151,1,⚙️ Nodo Técnico / Infraestructura,0
1152,1,⚙️ Nodo Técnico / Infraestructura,0
1153,1,⚙️ Nodo Técnico / Infraestructura,0
1154,1,⚙️ Nodo Técnico / Infraestructura,0
1155,1,⚙️ Nodo Técnico / Infraestructura,0
1156,1,⚙️ Nodo Técnico / Infraestructura,0
1157,1,⚙️ Nodo Técnico / Infraestructura,0
1158,1,⚙️ Nodo Técnico / Infraestructura,0
1159,1,⚙️ Nodo Técnico / Infraestructura,0
1160,1,⚙️ Nodo Técnico / Infraestructura,0
1161,1,⚙️ Nodo Técnico / Infraestructura,0
1162,1,⚙️ Nodo Técnico / Infraestructura,0
1163,1,⚙️ Nodo Técnico / Infraestructura,0
1164,1,⚙️ Nodo Técnico / Infraestructura,0
1165,1,⚙️ Nodo Técnico / Infraestructura,0
1166,1,⚙️ Nodo Técnico / Infraestructura,0
1167,1,⚙️ Nodo Técnico / Infraestructura,0
1168,1,⚙️ Nodo Técnico / Infraestructura,0
1169,1,⚙️ Nodo Técnico / Infraestructura,0
1170,1,⚙️ Nodo Técnico / Infraestructura,0
1171,1,⚙️ Nodo Técnico / Infraestructura,0
1172,1,⚙️ Nodo Técnico / Infraestructura,0
1173,1,⚙️ Nodo Técnico / Infraestructura,0
1174,1,⚙️ Nodo Técnico / Infraestructura,0
1175,1,⚙️ Nodo Técnico / Infraestructura,0
1176,1,⚙️ Nodo Técnico / Infraestructura,0
1177,1,⚙️ Nodo Técnico / Infraestructura,0
1178,1,⚙️ Nodo Técnico / Infraestructura,0
1179,1,⚙️ Nodo Técnico / Infraestructura,0
1180,1,⚙️ Nodo Técnico / Infraestructura,0
1181,1,⚙️ Nodo Técnico / Infraestructura,0
1182,1,⚙️ Nodo Técnico / Infraestructura,0
1183,1,⚙️ Nodo Técnico / Infraestructura,0
1184,1,⚙️ Nodo Técnico / Infraestructura,0
1185,1,⚙️ Nodo Técnico / Infraestructura,0
1186,1,⚙️ Nodo Técnico / Infraestructura,0
1187,1,⚙️ Nodo Técnico / Infraestructura,0
1188,1,⚙️ Nodo Técnico / Infraestructura,0
1189,1,⚙️ Nodo Técnico / Infraestructura,0
1190,1,⚙️ Nodo Técnico / Infraestructura,0
1191,1,⚙️ Nodo Técnico / Infraestructura,0
1192,1,⚙️ Nodo Técnico / Infraestructura,0
1193,1,⚙️ Nodo Técnico / Infraestructura,0
1194,1,⚙️ Nodo Técnico / Infraestructura,0
1195,1,⚙️ Nodo Técnico / Infraestructura,0
1196,1,⚙️ Nodo Técnico / Infraestructura,0
1197,1,⚙️ Nodo Técnico / Infraestructura,0
1198,1,⚙️ Nodo Técnico / Infraestructura,0
1199,1,⚙️ Nodo Técnico / Infraestructura,0
1200,1,⚙️ Nodo Técnico / Infraestructura,0
1201,1,⚙️ Nodo Técnico / Infraestructura,0
1202,1,⚙️ Nodo Técnico / Infraestructura,0
1203,1,⚙️ Nodo Técnico / Infraestructura,0
1204,1,⚙️ Nodo Técnico / Infraestructura,0
1205,1,⚙️ Nodo Técnico / Infraestructura,0
1206,1,⚙️ Nodo Técnico / Infraestructura,0
1207,1,⚙️ Nodo Técnico / Infraestructura,0
1208,1,⚙️ Nodo Técnico / Infraestructura,0
1209,1,⚙️ Nodo Técnico / Infraestructura,0
1210,1,⚙️ Nodo Técnico / Infraestructura,0
1211,1,⚙️ Nodo Técnico / Infraestructura,0
1212,1,⚙️ Nodo Técnico / Infraestructura,0
1213,1,⚙️ Nodo Técnico / Infraestructura,0
1214,1,⚙️ Nodo Técnico / Infraestructura,0
1215,1,⚙️ Nodo Técnico / Infraestructura,0
1216,1,⚙️ Nodo Técnico / Infraestructura,0
1217,1,⚙️ Nodo Técnico / Infraestructura,0
1218,1,⚙️ Nodo Técnico / Infraestructura,0
1219,1,⚙️ Nodo Técnico / Infraestructura,0
1220,1,⚙️ Nodo Técnico / Infraestructura,0
1221,1,⚙️ Nodo Técnico / Infraestructura,0
1222,1,⚙️ Nodo Técnico / Infraestructura,0
1223,1,⚙️ Nodo Técnico / Infraestructura,0
1224,1,⚙️ Nodo Técnico / Infraestructura,0
1225,1,⚙️ Nodo Técnico / Infraestructura,0
1226,1,⚙️ Nodo Técnico / Infraestructura,0
1227,1,⚙️ Nodo Técnico / Infraestructura,0
1228,1,⚙️ Nodo Técnico / Infraestructura,0
1229,1,⚙️ Nodo Técnico / Infraestructura,0
1230,1,⚙️ Nodo Técnico / Infraestructura,0
1231,1,⚙️ Nodo Técnico / Infraestructura,0
1232,1,⚙️ Nodo Técnico / Infraestructura,0
1233,1,⚙️ Nodo Técnico / Infraestructura,0
1234,1,⚙️ Nodo Técnico / Infraestructura,0
1235,1,⚙️ Nodo Técnico / Infraestructura,0
1236,1,⚙️ Nodo Técnico / Infraestructura,0
1237,1,⚙️ Nodo Técnico / Infraestructura,0
1238,1,⚙️ Nodo Técnico / Infraestructura,0
1239,1,⚙️ Nodo Técnico / Infraestructura,0
1240,1,⚙️ Nodo Técnico / Infraestructura,0
1241,1,⚙️ Nodo Técnico / Infraestructura,0
1242,1,⚙️ Nodo Técnico / Infraestructura,0
1243,1,⚙️ Nodo Técnico / Infraestructura,0
1244,1,⚙️ Nodo Técnico / Infraestructura,0
1245,1,⚙️ Nodo Técnico / Infraestructura,0
1246,1,⚙️ Nodo Técnico / Infraestructura,0
1247,1,⚙️ Nodo Técnico / Infraestructura,0
1248,1,⚙️ Nodo Técnico / Infraestructura,0
1249,1,⚙️ Nodo Técnico / Infraestructura,0
1250,1,⚙️ Nodo Técnico / Infraestructura,0
1251,1,⚙️ Nodo Técnico / Infraestructura,0
1252,1,⚙️ Nodo Técnico / Infraestructura,0
1253,1,⚙️ Nodo Técnico / Infraestructura,0
1254,1,⚙️ Nodo Técnico / Infraestructura,0
1255,1,⚙️ Nodo Técnico / Infraestructura,0
1256,1,⚙️ Nodo Técnico / Infraestructura,0
1257,1,⚙️ Nodo Técnico / Infraestructura,0
1258,1,⚙️ Nodo Técnico / Infraestructura,0
1259,1,⚙️ Nodo Técnico / Infraestructura,0
1260,1,⚙️ Nodo Técnico / Infraestructura,0
1261,1,⚙️ Nodo Técnico / Infraestructura,0
1262,1,⚙️ Nodo Técnico / Infraestructura,0
1263,1,⚙️ Nodo Técnico / Infraestructura,0
1264,1,⚙️ Nodo Técnico / Infraestructura,0
1265,1,⚙️ Nodo Técnico / Infraestructura,0
1266,1,⚙️ Nodo Técnico / Infraestructura,0
1267,1,⚙️ Nodo Técnico / Infraestructura,0
1268,1,⚙️ Nodo Técnico / Infraestructura,0
1269,1,⚙️ Nodo Técnico / Infraestructura,0
1270,1,⚙️ Nodo Técnico / Infraestructura,0
1271,1,⚙️ Nodo Técnico / Infraestructura,0
1272,1,⚙️ Nodo Técnico / Infraestructura,0
1273,1,⚙️ Nodo Técnico / Infraestructura,0
1274,1,⚙️ Nodo Técnico / Infraestructura,0
1275,1,⚙️ Nodo Técnico / Infraestructura,0
1276,1,⚙️ Nodo Técnico / Infraestructura,0
1277,1,⚙️ Nodo Técnico / Infraestructura,0
1278,1,⚙️ Nodo Técnico / Infraestructura,0
1279,1,⚙️ Nodo Técnico / Infraestructura,0
1280,1,⚙️ Nodo Técnico / Infraestructura,0
1281,1,⚙️ Nodo Técnico / Infraestructura,0
1282,1,⚙️ Nodo Técnico / Infraestructura,0
1283,1,⚙️ Nodo Técnico / Infraestructura,0
1284,1,⚙️ Nodo Técnico / Infraestructura,0
1285,1,⚙️ Nodo Técnico / Infraestructura,0
1286,1,⚙️ Nodo Técnico / Infraestructura,0
1287,1,⚙️ Nodo Técnico / Infraestructura,0
1288,1,⚙️ Nodo Técnico / Infraestructura,0
1289,1,⚙️ Nodo Técnico / Infraestructura,0
1290,1,⚙️ Nodo Técnico / Infraestructura,0
1291,1,⚙️ Nodo Técnico / Infraestructura,0
1292,1,⚙️ Nodo Técnico / Infraestructura,0
1293,1,⚙️ Nodo Técnico / Infraestructura,0
1294,1,⚙️ Nodo Técnico / Infraestructura,0
1295,1,⚙️ Nodo Técnico / Infraestructura,0
1296,1,⚙️ Nodo Técnico / Infraestructura,0
1297,1,⚙️ Nodo Técnico / Infraestructura,0
1298,1,⚙️ Nodo Técnico / Infraestructura,0
1299,1,⚙️ Nodo Técnico / Infraestructura,0
1300,1,⚙️ Nodo Técnico / Infraestructura,0
1301,1,⚙️ Nodo Técnico / Infraestructura,0
1302,1,⚙️ Nodo Técnico / Infraestructura,0
1303,1,⚙️ Nodo Técnico / Infraestructura,0
1304,1,⚙️ Nodo Técnico / Infraestructura,0
1305,1,⚙️ Nodo Técnico / Infraestructura,0
1306,1,⚙️ Nodo Técnico / Infraestructura,0
1307,1,⚙️ Nodo Técnico / Infraestructura,0
1308,1,⚙️ Nodo Técnico / Infraestructura,0
1309,1,⚙️ Nodo Técnico / Infraestructura,0
1310,1,⚙️ Nodo Técnico / Infraestructura,0
1311,1,⚙️ Nodo Técnico / Infraestructura,0
1312,1,⚙️ Nodo Técnico / Infraestructura,0
1313,1,⚙️ Nodo Técnico / Infraestructura,0
1314,1,⚙️ Nodo Técnico / Infraestructura,0
1315,1,⚙️ Nodo Técnico / Infraestructura,0
1316,1,⚙️ Nodo Técnico / Infraestructura,0
1317,1,⚙️ Nodo Técnico / Infraestructura,0
1318,1,⚙️ Nodo Técnico / Infraestructura,0
1319,1,⚙️ Nodo Técnico / Infraestructura,0
1320,1,⚙️ Nodo Técnico / Infraestructura,0
1321,1,⚙️ Nodo Técnico / Infraestructura,0
1322,1,⚙️ Nodo Técnico / Infraestructura,0
1323,1,⚙️ Nodo Técnico / Infraestructura,0
1324,1,⚙️ Nodo Técnico / Infraestructura,0
1325,1,⚙️ Nodo Técnico / Infraestructura,0
1326,1,⚙️ Nodo Técnico / Infraestructura,0
1327,1,⚙️ Nodo Técnico / Infraestructura,0
1328,1,⚙️ Nodo Técnico / Infraestructura,0
1329,1,⚙️ Nodo Técnico / Infraestructura,0
1330,1,⚙️ Nodo Técnico / Infraestructura,0
1331,1,⚙️ Nodo Técnico / Infraestructura,0
1332,1,⚙️ Nodo Técnico / Infraestructura,0
1333,1,⚙️ Nodo Técnico / Infraestructura,0
1334,1,⚙️ Nodo Técnico / Infraestructura,0
1335,1,⚙️ Nodo Técnico / Infraestructura,0
1336,1,⚙️ Nodo Técnico / Infraestructura,0
1337,1,⚙️ Nodo Técnico / Infraestructura,0
1338,1,⚙️ Nodo Técnico / Infraestructura,0
1339,1,⚙️ Nodo Técnico / Infraestructura,0
1340,1,⚙️ Nodo Técnico / Infraestructura,0
1341,1,⚙️ Nodo Técnico / Infraestructura,0
1342,1,⚙️ Nodo Técnico / Infraestructura,0
1343,1,⚙️ Nodo Técnico / Infraestructura,0
1344,1,⚙️ Nodo Técnico / Infraestructura,0
1345,1,⚙️ Nodo Técnico / Infraestructura,0
1346,1,⚙️ Nodo Técnico / Infraestructura,0
1347,1,⚙️ Nodo Técnico / Infraestructura,0
1348,1,⚙️ Nodo Técnico / Infraestructura,0
1349,1,⚙️ Nodo Técnico / Infraestructura,0
1350,1,⚙️ Nodo Técnico / Infraestructura,0
1351,1,⚙️ Nodo Técnico / Infraestructura,0
1352,1,⚙️ Nodo Técnico / Infraestructura,0
1353,1,⚙️ Nodo Técnico / Infraestructura,0
1354,1,⚙️ Nodo Técnico / Infraestructura,0
1355,1,⚙️ Nodo Técnico / Infraestructura,0
1356,1,⚙️ Nodo Técnico / Infraestructura,0
1357,1,⚙️ Nodo Técnico / Infraestructura,0
1358,1,⚙️ Nodo Técnico / Infraestructura,0
1359,1,⚙️ Nodo Técnico / Infraestructura,0
1360,1,⚙️ Nodo Técnico / Infraestructura,0
1361,1,⚙️ Nodo Técnico / Infraestructura,0
1362,1,⚙️ Nodo Técnico / Infraestructura,0
1363,1,⚙️ Nodo Técnico / Infraestructura,0
1364,1,⚙️ Nodo Técnico / Infraestructura,0
1365,1,⚙️ Nodo Técnico / Infraestructura,0
1366,1,⚙️ Nodo Técnico / Infraestructura,0
1367,1,⚙️ Nodo Técnico / Infraestructura,0
1368,1,⚙️ Nodo Técnico / Infraestructura,0
1369,1,⚙️ Nodo Técnico / Infraestructura,0
1370,1,⚙️ Nodo Técnico / Infraestructura,0
1371,1,⚙️ Nodo Técnico / Infraestructura,0
1372,1,⚙️ Nodo Técnico / Infraestructura,0
1373,1,⚙️ Nodo Técnico / Infraestructura,0
1374,1,⚙️ Nodo Técnico / Infraestructura,0
1375,1,⚙️ Nodo Técnico / Infraestructura,0
1376,1,⚙️ Nodo Técnico / Infraestructura,0
1377,1,⚙️ Nodo Técnico / Infraestructura,0
1378,1,⚙️ Nodo Técnico / Infraestructura,0
1379,1,⚙️ Nodo Técnico / Infraestructura,0
1380,1,⚙️ Nodo Técnico / Infraestructura,0
1381,1,⚙️ Nodo Técnico / Infraestructura,0
1382,1,⚙️ Nodo Técnico / Infraestructura,0
1383,1,⚙️ Nodo Técnico / Infraestructura,0
1384,1,⚙️ Nodo Técnico / Infraestructura,0
1385,1,⚙️ Nodo Técnico / Infraestructura,0
1386,1,⚙️ Nodo Técnico / Infraestructura,0
1387,1,⚙️ Nodo Técnico / Infraestructura,0
1388,1,⚙️ Nodo Técnico / Infraestructura,0
1389,1,⚙️ Nodo Técnico / Infraestructura,0
1390,1,⚙️ Nodo Técnico / Infraestructura,0
1391,1,⚙️ Nodo Técnico / Infraestructura,0
1392,1,⚙️ Nodo Técnico / Infraestructura,0
1393,1,⚙️ Nodo Técnico / Infraestructura,0
1394,1,⚙️ Nodo Técnico / Infraestructura,0
1395,1,⚙️ Nodo Técnico / Infraestructura,0
1396,1,⚙️ Nodo Técnico / Infraestructura,0
1397,1,⚙️ Nodo Técnico / Infraestructura,0
1398,1,⚙️ Nodo Técnico / Infraestructura,0
1399,1,⚙️ Nodo Técnico / Infraestructura,0
1400,1,⚙️ Nodo Técnico / Infraestructura,0
1401,1,⚙️ Nodo Técnico / Infraestructura,0
1402,1,⚙️ Nodo Técnico / Infraestructura,0
1403,1,⚙️ Nodo Técnico / Infraestructura,0
1404,1,⚙️ Nodo Técnico / Infraestructura,0
1405,1,⚙️ Nodo Técnico / Infraestructura,0
1406,1,⚙️ Nodo Técnico / Infraestructura,0
1407,1,⚙️ Nodo Técnico / Infraestructura,0
1408,1,⚙️ Nodo Técnico / Infraestructura,0
1409,1,⚙️ Nodo Técnico / Infraestructura,0
1410,1,⚙️ Nodo Técnico / Infraestructura,0
1411,1,⚙️ Nodo Técnico / Infraestructura,0
1412,1,⚙️ Nodo Técnico / Infraestructura,0
1413,1,⚙️ Nodo Técnico / Infraestructura,0
1414,1,⚙️ Nodo Técnico / Infraestructura,0
1415,1,⚙️ Nodo Técnico / Infraestructura,0
1416,1,⚙️ Nodo Técnico / Infraestructura,0
1417,1,⚙️ Nodo Técnico / Infraestructura,0
1418,1,⚙️ Nodo Técnico / Infraestructura,0
1419,1,⚙️ Nodo Técnico / Infraestructura,0
1420,1,⚙️ Nodo Técnico / Infraestructura,0
1421,1,⚙️ Nodo Técnico / Infraestructura,0
1422,1,⚙️ Nodo Técnico / Infraestructura,0
1423,1,⚙️ Nodo Técnico / Infraestructura,0
1424,1,⚙️ Nodo Técnico / Infraestructura,0
1425,1,⚙️ Nodo Técnico / Infraestructura,0
1426,1,⚙️ Nodo Técnico / Infraestructura,0
1427,1,⚙️ Nodo Técnico / Infraestructura,0
1428,1,⚙️ Nodo Técnico / Infraestructura,0
1429,1,⚙️ Nodo Técnico / Infraestructura,0
1430,1,⚙️ Nodo Técnico / Infraestructura,0
1431,1,⚙️ Nodo Técnico / Infraestructura,0
1432,1,⚙️ Nodo Técnico / Infraestructura,0
1433,1,⚙️ Nodo Técnico / Infraestructura,0
1434,1,⚙️ Nodo Técnico / Infraestructura,0
1435,1,⚙️ Nodo Técnico / Infraestructura,0
1436,1,⚙️ Nodo Técnico / Infraestructura,0
1437,1,⚙️ Nodo Técnico / Infraestructura,0
1438,1,⚙️ Nodo Técnico / Infraestructura,0
1439,1,⚙️ Nodo Técnico / Infraestructura,0
1440,1,⚙️ Nodo Técnico / Infraestructura,0
1441,1,⚙️ Nodo Técnico / Infraestructura,0
1442,1,⚙️ Nodo Técnico / Infraestructura,0
1443,1,⚙️ Nodo Técnico / Infraestructura,0
1444,1,⚙️ Nodo Técnico / Infraestructura,0
1445,1,⚙️ Nodo Técnico / Infraestructura,0
1446,1,⚙️ Nodo Técnico / Infraestructura,0
1447,1,⚙️ Nodo Técnico / Infraestructura,0
1448,1,⚙️ Nodo Técnico / Infraestructura,0
1449,1,⚙️ Nodo Técnico / Infraestructura,0
1450,1,⚙️ Nodo Técnico / Infraestructura,0
1451,1,⚙️ Nodo Técnico / Infraestructura,0
1452,1,⚙️ Nodo Técnico / Infraestructura,0
1453,1,⚙️ Nodo Técnico / Infraestructura,0
1454,1,⚙️ Nodo Técnico / Infraestructura,0
1455,1,⚙️ Nodo Técnico / Infraestructura,0
1456,1,⚙️ Nodo Técnico / Infraestructura,0
1457,1,⚙️ Nodo Técnico / Infraestructura,0
1458,1,⚙️ Nodo Técnico / Infraestructura,0
1459,1,⚙️ Nodo Técnico / Infraestructura,0
1460,1,⚙️ Nodo Técnico / Infraestructura,0
1461,1,⚙️ Nodo Técnico / Infraestructura,0
1462,1,⚙️ Nodo Técnico / Infraestructura,0
1463,1,⚙️ Nodo Técnico / Infraestructura,0
1464,1,⚙️ Nodo Técnico / Infraestructura,0
1465,1,⚙️ Nodo Técnico / Infraestructura,0
1466,1,⚙️ Nodo Técnico / Infraestructura,0
1467,1,⚙️ Nodo Técnico / Infraestructura,0
1468,1,⚙️ Nodo Técnico / Infraestructura,0
1469,1,⚙️ Nodo Técnico / Infraestructura,0
1470,1,⚙️ Nodo Técnico / Infraestructura,0
1471,1,⚙️ Nodo Técnico / Infraestructura,0
1472,1,⚙️ Nodo Técnico / Infraestructura,0
1473,1,⚙️ Nodo Técnico / Infraestructura,0
1474,1,⚙️ Nodo Técnico / Infraestructura,0
1475,1,⚙️ Nodo Técnico / Infraestructura,0
1476,1,⚙️ Nodo Técnico / Infraestructura,0
1477,1,⚙️ Nodo Técnico / Infraestructura,0
1478,1,⚙️ Nodo Técnico / Infraestructura,0
1479,1,⚙️ Nodo Técnico / Infraestructura,0
1480,1,⚙️ Nodo Técnico / Infraestructura,0
1481,1,⚙️ Nodo Técnico / Infraestructura,0
1482,1,⚙️ Nodo Técnico / Infraestructura,0
1483,1,⚙️ Nodo Técnico / Infraestructura,0
1484,1,⚙️ Nodo Técnico / Infraestructura,0
1485,1,⚙️ Nodo Técnico / Infraestructura,0
1486,1,⚙️ Nodo Técnico / Infraestructura,0
1487,1,⚙️ Nodo Técnico / Infraestructura,0
1488,1,⚙️ Nodo Técnico / Infraestructura,0
1489,1,⚙️ Nodo Técnico / Infraestructura,0
1490,1,⚙️ Nodo Técnico / Infraestructura,0
1491,1,⚙️ Nodo Técnico / Infraestructura,0
1492,1,⚙️ Nodo Técnico / Infraestructura,0
1493,1,⚙️ Nodo Técnico / Infraestructura,0
1494,1,⚙️ Nodo Técnico / Infraestructura,0
1495,1,⚙️ Nodo Técnico / Infraestructura,0
1496,1,⚙️ Nodo Técnico / Infraestructura,0
1497,1,⚙️ Nodo Técnico / Infraestructura,0
1498,1,⚙️ Nodo Técnico / Infraestructura,0
1499,1,⚙️ Nodo Técnico / Infraestructura,0
1500,1,⚙️ Nodo Técnico / Infraestructura,0
1501,1,⚙️ Nodo Técnico / Infraestructura,0
1502,1,⚙️ Nodo Técnico / Infraestructura,0
1503,1,⚙️ Nodo Técnico / Infraestructura,0
1504,1,⚙️ Nodo Técnico / Infraestructura,0
1505,1,⚙️ Nodo Técnico / Infraestructura,0
1506,1,⚙️ Nodo Técnico / Infraestructura,0
1507,1,⚙️ Nodo Técnico / Infraestructura,0
1508,1,⚙️ Nodo Técnico / Infraestructura,0
1509,1,⚙️ Nodo Técnico / Infraestructura,0
1510,1,⚙️ Nodo Técnico / Infraestructura,0
1511,1,⚙️ Nodo Técnico / Infraestructura,0
1512,1,⚙️ Nodo Técnico / Infraestructura,0
1513,1,⚙️ Nodo Técnico / Infraestructura,0
1514,1,⚙️ Nodo Técnico / Infraestructura,0
1515,1,⚙️ Nodo Técnico / Infraestructura,0
1516,1,⚙️ Nodo Técnico / Infraestructura,0
1517,1,⚙️ Nodo Técnico / Infraestructura,0
1518,1,⚙️ Nodo Técnico / Infraestructura,0
1519,1,⚙️ Nodo Técnico / Infraestructura,0
1520,1,⚙️ Nodo Técnico / Infraestructura,0
1521,1,⚙️ Nodo Técnico / Infraestructura,0
1522,1,⚙️ Nodo Técnico / Infraestructura,0
1523,1,⚙️ Nodo Técnico / Infraestructura,0
1524,1,⚙️ Nodo Técnico / Infraestructura,0
1525,1,⚙️ Nodo Técnico / Infraestructura,0
1526,1,⚙️ Nodo Técnico / Infraestructura,0
1527,1,⚙️ Nodo Técnico / Infraestructura,0
1528,1,⚙️ Nodo Técnico / Infraestructura,0
1529,1,⚙️ Nodo Técnico / Infraestructura,0
1530,1,⚙️ Nodo Técnico / Infraestructura,0
1531,1,⚙️ Nodo Técnico / Infraestructura,0
1532,1,⚙️ Nodo Técnico / Infraestructura,0
1533,1,⚙️ Nodo Técnico / Infraestructura,0
1534,1,⚙️ Nodo Técnico / Infraestructura,0
1535,1,⚙️ Nodo Técnico / Infraestructura,0
1536,1,⚙️ Nodo Técnico / Infraestructura,0
1537,1,⚙️ Nodo Técnico / Infraestructura,0
1538,1,⚙️ Nodo Técnico / Infraestructura,0
1539,1,⚙️ Nodo Técnico / Infraestructura,0
1540,1,⚙️ Nodo Técnico / Infraestructura,0
1541,1,⚙️ Nodo Técnico / Infraestructura,0
1542,1,⚙️ Nodo Técnico / Infraestructura,0
1543,1,⚙️ Nodo Técnico / Infraestructura,0
1544,1,⚙️ Nodo Técnico / Infraestructura,0
1545,1,⚙️ Nodo Técnico / Infraestructura,0
1546,1,⚙️ Nodo Técnico / Infraestructura,0
1547,1,⚙️ Nodo Técnico / Infraestructura,0
1548,1,⚙️ Nodo Técnico / Infraestructura,0
1549,1,⚙️ Nodo Técnico / Infraestructura,0
1550,1,⚙️ Nodo Técnico / Infraestructura,0
1551,1,⚙️ Nodo Técnico / Infraestructura,0
1552,1,⚙️ Nodo Técnico / Infraestructura,0
1553,1,⚙️ Nodo Técnico / Infraestructura,0
1554,1,⚙️ Nodo Técnico / Infraestructura,0
1555,1,⚙️ Nodo Técnico / Infraestructura,0
1556,1,⚙️ Nodo Técnico / Infraestructura,0
1557,1,⚙️ Nodo Técnico / Infraestructura,0
1558,1,⚙️ Nodo Técnico / Infraestructura,0
1559,1,⚙️ Nodo Técnico / Infraestructura,0
1560,1,⚙️ Nodo Técnico / Infraestructura,0
1561,1,⚙️ Nodo Técnico / Infraestructura,0
1562,1,⚙️ Nodo Técnico / Infraestructura,0
1563,1,⚙️ Nodo Técnico / Infraestructura,0
1564,1,⚙️ Nodo Técnico / Infraestructura,0
1565,1,⚙️ Nodo Técnico / Infraestructura,0
1566,1,⚙️ Nodo Técnico / Infraestructura,0
1567,1,⚙️ Nodo Técnico / Infraestructura,0
1568,1,⚙️ Nodo Técnico / Infraestructura,0
1569,1,⚙️ Nodo Técnico / Infraestructura,0
1570,1,⚙️ Nodo Técnico / Infraestructura,0
1571,1,⚙️ Nodo Técnico / Infraestructura,0
1572,1,⚙️ Nodo Técnico / Infraestructura,0
1573,1,⚙️ Nodo Técnico / Infraestructura,0
1574,1,⚙️ Nodo Técnico / Infraestructura,0
1575,1,⚙️ Nodo Técnico / Infraestructura,0
1576,1,⚙️ Nodo Técnico / Infraestructura,0
1577,1,⚙️ Nodo Técnico / Infraestructura,0
1578,1,⚙️ Nodo Técnico / Infraestructura,0
1579,1,⚙️ Nodo Técnico / Infraestructura,0
1580,1,⚙️ Nodo Técnico / Infraestructura,0
1581,1,⚙️ Nodo Técnico / Infraestructura,0
1582,1,⚙️ Nodo Técnico / Infraestructura,0
1583,1,⚙️ Nodo Técnico / Infraestructura,0
1584,1,⚙️ Nodo Técnico / Infraestructura,0
1585,1,⚙️ Nodo Técnico / Infraestructura,0
1586,1,⚙️ Nodo Técnico / Infraestructura,0
1587,1,⚙️ Nodo Técnico / Infraestructura,0
1588,1,⚙️ Nodo Técnico / Infraestructura,0
1589,1,⚙️ Nodo Técnico / Infraestructura,0
1590,1,⚙️ Nodo Técnico / Infraestructura,0
1591,1,⚙️ Nodo Técnico / Infraestructura,0
1592,1,⚙️ Nodo Técnico / Infraestructura,0
1593,1,⚙️ Nodo Técnico / Infraestructura,0
1594,1,⚙️ Nodo Técnico / Infraestructura,0
1595,1,⚙️ Nodo Técnico / Infraestructura,0
1596,1,⚙️ Nodo Técnico / Infraestructura,0
1597,1,⚙️ Nodo Técnico / Infraestructura,0
1598,1,⚙️ Nodo Técnico / Infraestructura,0
1599,1,⚙️ Nodo Técnico / Infraestructura,0
1600,1,⚙️ Nodo Técnico / Infraestructura,0
1601,1,⚙️ Nodo Técnico / Infraestructura,0
1602,1,⚙️ Nodo Técnico / Infraestructura,0
1603,1,⚙️ Nodo Técnico / Infraestructura,0
1604,1,⚙️ Nodo Técnico / Infraestructura,0
1605,1,⚙️ Nodo Técnico / Infraestructura,0
1606,1,⚙️ Nodo Técnico / Infraestructura,0
1607,1,⚙️ Nodo Técnico / Infraestructura,0
1608,1,⚙️ Nodo Técnico / Infraestructura,0
1609,1,⚙️ Nodo Técnico / Infraestructura,0
1610,1,⚙️ Nodo Técnico / Infraestructura,0
1611,1,⚙️ Nodo Técnico / Infraestructura,0
1612,1,⚙️ Nodo Técnico / Infraestructura,0
1613,1,⚙️ Nodo Técnico / Infraestructura,0
1614,1,⚙️ Nodo Técnico / Infraestructura,0
1615,1,⚙️ Nodo Técnico / Infraestructura,0
1616,1,⚙️ Nodo Técnico / Infraestructura,0
1617,1,⚙️ Nodo Técnico / Infraestructura,0
1618,1,⚙️ Nodo Técnico / Infraestructura,0
1619,1,⚙️ Nodo Técnico / Infraestructura,0
1620,1,⚙️ Nodo Técnico / Infraestructura,0
1621,1,⚙️ Nodo Técnico / Infraestructura,0
1622,1,⚙️ Nodo Técnico / Infraestructura,0
1623,1,⚙️ Nodo Técnico / Infraestructura,0
1624,1,⚙️ Nodo Técnico / Infraestructura,0
1625,1,⚙️ Nodo Técnico / Infraestructura,0
1626,1,⚙️ Nodo Técnico / Infraestructura,0
1627,1,⚙️ Nodo Técnico / Infraestructura,0
1628,1,⚙️ Nodo Técnico / Infraestructura,0
1629,1,⚙️ Nodo Técnico / Infraestructura,0
1630,1,⚙️ Nodo Técnico / Infraestructura,0
1631,1,⚙️ Nodo Técnico / Infraestructura,0
1632,1,⚙️ Nodo Técnico / Infraestructura,0
1633,1,⚙️ Nodo Técnico / Infraestructura,0
1634,1,⚙️ Nodo Técnico / Infraestructura,0
1635,1,⚙️ Nodo Técnico / Infraestructura,0
1636,1,⚙️ Nodo Técnico / Infraestructura,0
1637,1,⚙️ Nodo Técnico / Infraestructura,0
1638,1,⚙️ Nodo Técnico / Infraestructura,0
1639,1,⚙️ Nodo Técnico / Infraestructura,0
1640,1,⚙️ Nodo Técnico / Infraestructura,0
1641,1,⚙️ Nodo Técnico / Infraestructura,0
1642,1,⚙️ Nodo Técnico / Infraestructura,0
1643,1,⚙️ Nodo Técnico / Infraestructura,0
1644,1,⚙️ Nodo Técnico / Infraestructura,0
1645,1,⚙️ Nodo Técnico / Infraestructura,0
1646,1,⚙️ Nodo Técnico / Infraestructura,0
1647,1,⚙️ Nodo Técnico / Infraestructura,0
1648,1,⚙️ Nodo Técnico / Infraestructura,0
1649,1,⚙️ Nodo Técnico / Infraestructura,0
1650,1,⚙️ Nodo Técnico / Infraestructura,0
1651,1,⚙️ Nodo Técnico / Infraestructura,0
1652,1,⚙️ Nodo Técnico / Infraestructura,0
1653,1,⚙️ Nodo Técnico / Infraestructura,0
1654,1,⚙️ Nodo Técnico / Infraestructura,0
1655,1,⚙️ Nodo Técnico / Infraestructura,0
1656,1,⚙️ Nodo Técnico / Infraestructura,0
1657,1,⚙️ Nodo Técnico / Infraestructura,0
1658,1,⚙️ Nodo Técnico / Infraestructura,0
1659,1,⚙️ Nodo Técnico / Infraestructura,0
1660,1,⚙️ Nodo Técnico / Infraestructura,0
1661,1,⚙️ Nodo Técnico / Infraestructura,0
1662,1,⚙️ Nodo Técnico / Infraestructura,0
1663,1,⚙️ Nodo Técnico / Infraestructura,0
1664,1,⚙️ Nodo Técnico / Infraestructura,0
1665,1,⚙️ Nodo Técnico / Infraestructura,0
1666,1,⚙️ Nodo Técnico / Infraestructura,0
1667,1,⚙️ Nodo Técnico / Infraestructura,0
1668,1,⚙️ Nodo Técnico / Infraestructura,0
1669,1,⚙️ Nodo Técnico / Infraestructura,0
1670,1,⚙️ Nodo Técnico / Infraestructura,0
1671,1,⚙️ Nodo Técnico / Infraestructura,0
1672,1,⚙️ Nodo Técnico / Infraestructura,0
1673,1,⚙️ Nodo Técnico / Infraestructura,0
1674,1,⚙️ Nodo Técnico / Infraestructura,0
1675,1,⚙️ Nodo Técnico / Infraestructura,0
1676,1,⚙️ Nodo Técnico / Infraestructura,0
1677,1,⚙️ Nodo Técnico / Infraestructura,0
1678,1,⚙️ Nodo Técnico / Infraestructura,0
1679,1,⚙️ Nodo Técnico / Infraestructura,0
1680,1,⚙️ Nodo Técnico / Infraestructura,0
1681,1,⚙️ Nodo Técnico / Infraestructura,0
1682,1,⚙️ Nodo Técnico / Infraestructura,0
1683,1,⚙️ Nodo Técnico / Infraestructura,0
1684,1,⚙️ Nodo Técnico / Infraestructura,0
1685,1,⚙️ Nodo Técnico / Infraestructura,0
1686,1,⚙️ Nodo Técnico / Infraestructura,0
1687,1,⚙️ Nodo Técnico / Infraestructura,0
1688,1,⚙️ Nodo Técnico / Infraestructura,0
1689,1,⚙️ Nodo Técnico / Infraestructura,0
1690,1,⚙️ Nodo Técnico / Infraestructura,0
1691,1,⚙️ Nodo Técnico / Infraestructura,0
1692,1,⚙️ Nodo Técnico / Infraestructura,0
1693,1,⚙️ Nodo Técnico / Infraestructura,0
1694,1,⚙️ Nodo Técnico / Infraestructura,0
1695,1,⚙️ Nodo Técnico / Infraestructura,0
1696,1,⚙️ Nodo Técnico / Infraestructura,0
1697,1,⚙️ Nodo Técnico / Infraestructura,0
1698,1,⚙️ Nodo Técnico / Infraestructura,0
1699,1,⚙️ Nodo Técnico / Infraestructura,0
1700,1,⚙️ Nodo Técnico / Infraestructura,0
1701,1,⚙️ Nodo Técnico / Infraestructura,0
1702,1,⚙️ Nodo Técnico / Infraestructura,0
1703,1,⚙️ Nodo Técnico / Infraestructura,0
1704,1,⚙️ Nodo Técnico / Infraestructura,0
1705,1,⚙️ Nodo Técnico / Infraestructura,0
1706,1,⚙️ Nodo Técnico / Infraestructura,0
1707,1,⚙️ Nodo Técnico / Infraestructura,0
1708,1,⚙️ Nodo Técnico / Infraestructura,0
1709,1,⚙️ Nodo Técnico / Infraestructura,0
1710,1,⚙️ Nodo Técnico / Infraestructura,0
1711,1,⚙️ Nodo Técnico / Infraestructura,0
1712,1,⚙️ Nodo Técnico / Infraestructura,0
1713,1,⚙️ Nodo Técnico / Infraestructura,0
1714,1,⚙️ Nodo Técnico / Infraestructura,0
1715,1,⚙️ Nodo Técnico / Infraestructura,0
1716,1,⚙️ Nodo Técnico / Infraestructura,0
1717,1,⚙️ Nodo Técnico / Infraestructura,0
1718,1,⚙️ Nodo Técnico / Infraestructura,0
1719,1,⚙️ Nodo Técnico / Infraestructura,0
1720,1,⚙️ Nodo Técnico / Infraestructura,0
1721,1,⚙️ Nodo Técnico / Infraestructura,0
1722,1,⚙️ Nodo Técnico / Infraestructura,0
1723,1,⚙️ Nodo Técnico / Infraestructura,0
1724,1,⚙️ Nodo Técnico / Infraestructura,0
1725,1,⚙️ Nodo Técnico / Infraestructura,0
1726,1,⚙️ Nodo Técnico / Infraestructura,0
1727,1,⚙️ Nodo Técnico / Infraestructura,0
1728,1,⚙️ Nodo Técnico / Infraestructura,0
1729,1,⚙️ Nodo Técnico / Infraestructura,0
1730,1,⚙️ Nodo Técnico / Infraestructura,0
1731,1,⚙️ Nodo Técnico / Infraestructura,0
1732,1,⚙️ Nodo Técnico / Infraestructura,0
1733,1,⚙️ Nodo Técnico / Infraestructura,0
1734,1,⚙️ Nodo Técnico / Infraestructura,0
1735,1,⚙️ Nodo Técnico / Infraestructura,0
1736,1,⚙️ Nodo Técnico / Infraestructura,0
1737,1,⚙️ Nodo Técnico / Infraestructura,0
1738,1,⚙️ Nodo Técnico / Infraestructura,0
1739,1,⚙️ Nodo Técnico / Infraestructura,0
1740,1,⚙️ Nodo Técnico / Infraestructura,0
1741,1,⚙️ Nodo Técnico / Infraestructura,0
1742,1,⚙️ Nodo Técnico / Infraestructura,0
1743,1,⚙️ Nodo Técnico / Infraestructura,0
1744,1,⚙️ Nodo Técnico / Infraestructura,0
1745,1,⚙️ Nodo Técnico / Infraestructura,0
1746,1,⚙️ Nodo Técnico / Infraestructura,0
1747,1,⚙️ Nodo Técnico / Infraestructura,0
1748,1,⚙️ Nodo Técnico / Infraestructura,0
1749,1,⚙️ Nodo Técnico / Infraestructura,0
1750,1,⚙️ Nodo Técnico / Infraestructura,0
1751,1,⚙️ Nodo Técnico / Infraestructura,0
1752,1,⚙️ Nodo Técnico / Infraestructura,0
1753,1,⚙️ Nodo Técnico / Infraestructura,0
1754,1,⚙️ Nodo Técnico / Infraestructura,0
1755,1,⚙️ Nodo Técnico / Infraestructura,0
1756,1,⚙️ Nodo Técnico / Infraestructura,0
1757,1,⚙️ Nodo Técnico / Infraestructura,0
1758,1,⚙️ Nodo Técnico / Infraestructura,0
1759,1,⚙️ Nodo Técnico / Infraestructura,0
1760,1,⚙️ Nodo Técnico / Infraestructura,0
1761,1,⚙️ Nodo Técnico / Infraestructura,0
1762,1,⚙️ Nodo Técnico / Infraestructura,0
1763,1,⚙️ Nodo Técnico / Infraestructura,0
1764,1,⚙️ Nodo Técnico / Infraestructura,0
1765,1,⚙️ Nodo Técnico / Infraestructura,0
1766,1,⚙️ Nodo Técnico / Infraestructura,0
1767,1,⚙️ Nodo Técnico / Infraestructura,0
1768,1,⚙️ Nodo Técnico / Infraestructura,0
1769,1,⚙️ Nodo Técnico / Infraestructura,0
1770,1,⚙️ Nodo Técnico / Infraestructura,0
1771,1,⚙️ Nodo Técnico / Infraestructura,0
1772,1,⚙️ Nodo Técnico / Infraestructura,0
1773,1,⚙️ Nodo Técnico / Infraestructura,0
1774,1,⚙️ Nodo Técnico / Infraestructura,0
1775,1,⚙️ Nodo Técnico / Infraestructura,0
1776,1,⚙️ Nodo Técnico / Infraestructura,0
1777,1,⚙️ Nodo Técnico / Infraestructura,0
1778,1,⚙️ Nodo Técnico / Infraestructura,0
1779,1,⚙️ Nodo Técnico / Infraestructura,0
1780,1,⚙️ Nodo Técnico / Infraestructura,0
1781,1,⚙️ Nodo Técnico / Infraestructura,0
1782,1,⚙️ Nodo Técnico / Infraestructura,0
1783,1,⚙️ Nodo Técnico / Infraestructura,0
1784,1,⚙️ Nodo Técnico / Infraestructura,0
1785,1,⚙️ Nodo Técnico / Infraestructura,0
1786,1,⚙️ Nodo Técnico / Infraestructura,0
1787,1,⚙️ Nodo Técnico / Infraestructura,0
1788,1,⚙️ Nodo Técnico / Infraestructura,0
1789,1,⚙️ Nodo Técnico / Infraestructura,0
1790,1,⚙️ Nodo Técnico / Infraestructura,0
1791,1,⚙️ Nodo Técnico / Infraestructura,0
1792,1,⚙️ Nodo Técnico / Infraestructura,0
1793,1,⚙️ Nodo Técnico / Infraestructura,0
1794,1,⚙️ Nodo Técnico / Infraestructura,0
1795,1,⚙️ Nodo Técnico / Infraestructura,0
1796,1,⚙️ Nodo Técnico / Infraestructura,0
1797,1,⚙️ Nodo Técnico / Infraestructura,0
1798,1,⚙️ Nodo Técnico / Infraestructura,0
1799,1,⚙️ Nodo Técnico / Infraestructura,0
1800,1,⚙️ Nodo Técnico / Infraestructura,0
1801,1,⚙️ Nodo Técnico / Infraestructura,0
1802,1,⚙️ Nodo Técnico / Infraestructura,0
1803,1,⚙️ Nodo Técnico / Infraestructura,0
1804,1,⚙️ Nodo Técnico / Infraestructura,0
1805,1,⚙️ Nodo Técnico / Infraestructura,0
1806,1,⚙️ Nodo Técnico / Infraestructura,0
1807,1,⚙️ Nodo Técnico / Infraestructura,0
1808,1,⚙️ Nodo Técnico / Infraestructura,0
1809,1,⚙️ Nodo Técnico / Infraestructura,0
1810,1,⚙️ Nodo Técnico / Infraestructura,0
1811,1,⚙️ Nodo Técnico / Infraestructura,0
1812,1,⚙️ Nodo Técnico / Infraestructura,0
1813,1,⚙️ Nodo Técnico / Infraestructura,0
1814,1,⚙️ Nodo Técnico / Infraestructura,0
1815,1,⚙️ Nodo Técnico / Infraestructura,0
1816,1,⚙️ Nodo Técnico / Infraestructura,0
1817,1,⚙️ Nodo Técnico / Infraestructura,0
1818,1,⚙️ Nodo Técnico / Infraestructura,0
1819,1,⚙️ Nodo Técnico / Infraestructura,0
1820,1,⚙️ Nodo Técnico / Infraestructura,0
1821,1,⚙️ Nodo Técnico / Infraestructura,0
1822,1,⚙️ Nodo Técnico / Infraestructura,0
1823,1,⚙️ Nodo Técnico / Infraestructura,0
1824,1,⚙️ Nodo Técnico / Infraestructura,0
1825,1,⚙️ Nodo Técnico / Infraestructura,0
1826,1,⚙️ Nodo Técnico / Infraestructura,0
1827,1,⚙️ Nodo Técnico / Infraestructura,0
3,1,⚙️ Nodo Técnico / Infraestructura,0
1860,1,⚙️ Nodo Técnico / Infraestructura,0
1861,1,⚙️ Nodo Técnico / Infraestructura,0
1862,1,⚙️ Nodo Técnico / Infraestructura,0
1863,1,⚙️ Nodo Técnico / Infraestructura,0
9,1,⚙️ Nodo Técnico / Infraestructura,0
1864,1,⚙️ Nodo Técnico / Infraestructura,0
1835,1,⚙️ Nodo Técnico / Infraestructura,0
12,1,⚙️ Nodo Técnico / Infraestructura,0
13,1,⚙️ Nodo Técnico / Infraestructura,0
14,1,⚙️ Nodo Técnico / Infraestructura,0
1865,1,⚙️ Nodo Técnico / Infraestructura,0
16,1,⚙️ Nodo Técnico / Infraestructura,0
17,1,⚙️ Nodo Técnico / Infraestructura,0
1866,1,⚙️ Nodo Técnico / Infraestructura,0
1868,1,⚙️ Nodo Técnico / Infraestructura,0
1869,1,⚙️ Nodo Técnico / Infraestructura,0
1870,1,⚙️ Nodo Técnico / Infraestructura,0
22,1,⚙️ Nodo Técnico / Infraestructura,0
23,1,⚙️ Nodo Técnico / Infraestructura,0
24,1,⚙️ Nodo Técnico / Infraestructura,0
25,1,⚙️ Nodo Técnico / Infraestructura,0
26,1,⚙️ Nodo Técnico / Infraestructura,0
27,1,⚙️ Nodo Técnico / Infraestructura,0
28,1,⚙️ Nodo Técnico / Infraestructura,0
1871,1,⚙️ Nodo Técnico / Infraestructura,0
1872,1,⚙️ Nodo Técnico / Infraestructura,0
1873,1,⚙️ Nodo Técnico / Infraestructura,0
1874,1,⚙️ Nodo Técnico / Infraestructura,0
1875,1,⚙️ Nodo Técnico / Infraestructura,0
1876,1,⚙️ Nodo Técnico / Infraestructura,0
1859,1,⚙️ Nodo Técnico / Infraestructura,0
1828,1,⚙️ Nodo Técnico / Infraestructura,0
1829,1,⚙️ Nodo Técnico / Infraestructura,0
1830,1,⚙️ Nodo Técnico / Infraestructura,0
1831,1,⚙️ Nodo Técnico / Infraestructura,0
1832,1,⚙️ Nodo Técnico / Infraestructura,0
1833,1,⚙️ Nodo Técnico / Infraestructura,0
1834,1,⚙️ Nodo Técnico / Infraestructura,0
1867,1,⚙️ Nodo Técnico / Infraestructura,0
1836,1,⚙️ Nodo Técnico / Infraestructura,0
1837,1,⚙️ Nodo Técnico / Infraestructura,0
1838,1,⚙️ Nodo Técnico / Infraestructura,0
1839,1,⚙️ Nodo Técnico / Infraestructura,0
1840,1,⚙️ Nodo Técnico / Infraestructura,0
1841,1,⚙️ Nodo Técnico / Infraestructura,0
1842,1,⚙️ Nodo Técnico / Infraestructura,0
1843,1,⚙️ Nodo Técnico / Infraestructura,0
1844,1,⚙️ Nodo Técnico / Infraestructura,0
1845,1,⚙️ Nodo Técnico / Infraestructura,0
1846,1,⚙️ Nodo Técnico / Infraestructura,0
1847,1,⚙️ Nodo Técnico / Infraestructura,0
1848,1,⚙️ Nodo Técnico / Infraestructura,0
1849,1,⚙️ Nodo Técnico / Infraestructura,0
1850,1,⚙️ Nodo Técnico / Infraestructura,0
1851,1,⚙️ Nodo Técnico / Infraestructura,0
1852,1,⚙️ Nodo Técnico / Infraestructura,0
1853,1,⚙️ Nodo Técnico / Infraestructura,0
1854,1,⚙️ Nodo Técnico / Infraestructura,0
1855,1,⚙️ Nodo Técnico / Infraestructura,0
1856,1,⚙️ Nodo Técnico / Infraestructura,0
1857,1,⚙️ Nodo Técnico / Infraestructura,0
1858,1,⚙️ Nodo Técnico / Infraestructura,0
1891,1,⚙️ Nodo Técnico / Infraestructura,0
