ID Cluster,Nº Páginas,Temática Dominante,Composición del Cluster (%),Menciones Totales
39,2392,HACKING,HACKING (33.3%) | DRUGS (33.3%),3
36,251,DRUGS,DRUGS (33.3%) | HACKING (33.3%),9
21,81,MARKETPLACE,MARKETPLACE (21.4%) | CARDING (20.0%),70
15,71,HACKING,HACKING (24.1%) | MARKETPLACE (20.7%),87
8,49,DRUGS,DRUGS (23.5%) | MARKETPLACE (19.0%),1565
2,48,DRUGS,DRUGS (24.6%) | MARKETPLACE (24.6%),69
10,48,DRUGS,DRUGS (38.5%) | HACKING (23.1%),26
32,14,HACKING,HACKING (34.3%) | FRAUD (19.4%),315
0,5,DRUGS,DRUGS (37.2%) | CARDING (20.9%),43
31,5,DRUGS,DRUGS (50.0%) | CARDING (50.0%),4
11,4,FRAUD,FRAUD (20.8%) | HACKING (20.8%),130
4,4,DRUGS,DRUGS (30.5%) | MARKETPLACE (23.7%),59
20,4,CARDING,CARDING (33.3%) | FRAUD (25.0%),12
1,3,FRAUD,FRAUD (23.1%) | DRUGS (19.2%),26
33,3,HACKING,HACKING (21.8%) | FRAUD (21.8%),55
35,2,DRUGS,DRUGS (100.0%),1
5,2,DRUGS,DRUGS (100.0%),3
6,2,HACKING,HACKING (35.3%) | RANSOMWARE (17.6%),17
7,2,MARKETPLACE,MARKETPLACE (21.1%) | DRUGS (21.1%),38
18,2,DRUGS,DRUGS (100.0%),2
19,2,RANSOMWARE,RANSOMWARE (37.5%) | HACKING (25.0%),8
29,2,CARDING,CARDING (23.1%) | FRAUD (23.1%),13
30,2,MARKETPLACE,MARKETPLACE (26.9%) | DRUGS (23.1%),26
34,2,CARDING,CARDING (50.0%) | MARKETPLACE (25.0%),4
1877,1,N/A,⚙️ Infraestructura / Técnico,0
1878,1,N/A,⚙️ Infraestructura / Técnico,0
1879,1,N/A,⚙️ Infraestructura / Técnico,0
1880,1,N/A,⚙️ Infraestructura / Técnico,0
1881,1,N/A,⚙️ Infraestructura / Técnico,0
1882,1,N/A,⚙️ Infraestructura / Técnico,0
1883,1,N/A,⚙️ Infraestructura / Técnico,0
1884,1,N/A,⚙️ Infraestructura / Técnico,0
1885,1,N/A,⚙️ Infraestructura / Técnico,0
1886,1,N/A,⚙️ Infraestructura / Técnico,0
1887,1,N/A,⚙️ Infraestructura / Técnico,0
1888,1,N/A,⚙️ Infraestructura / Técnico,0
1889,1,N/A,⚙️ Infraestructura / Técnico,0
1890,1,N/A,⚙️ Infraestructura / Técnico,0
37,1,N/A,⚙️ Infraestructura / Técnico,0
38,1,N/A,⚙️ Infraestructura / Técnico,0
40,1,N/A,⚙️ Infraestructura / Técnico,0
41,1,N/A,⚙️ Infraestructura / Técnico,0
42,1,N/A,⚙️ Infraestructura / Técnico,0
43,1,N/A,⚙️ Infraestructura / Técnico,0
44,1,N/A,⚙️ Infraestructura / Técnico,0
45,1,N/A,⚙️ Infraestructura / Técnico,0
46,1,N/A,⚙️ Infraestructura / Técnico,0
47,1,N/A,⚙️ Infraestructura / Técnico,0
48,1,N/A,⚙️ Infraestructura / Técnico,0
49,1,N/A,⚙️ Infraestructura / Técnico,0
50,1,N/A,⚙️ Infraestructura / Técnico,0
51,1,N/A,⚙️ Infraestructura / Técnico,0
52,1,N/A,⚙️ Infraestructura / Técnico,0
53,1,N/A,⚙️ Infraestructura / Técnico,0
54,1,N/A,⚙️ Infraestructura / Técnico,0
55,1,N/A,⚙️ Infraestructura / Técnico,0
56,1,N/A,⚙️ Infraestructura / Técnico,0
57,1,N/A,⚙️ Infraestructura / Técnico,0
58,1,N/A,⚙️ Infraestructura / Técnico,0
59,1,N/A,⚙️ Infraestructura / Técnico,0
60,1,N/A,⚙️ Infraestructura / Técnico,0
61,1,N/A,⚙️ Infraestructura / Técnico,0
62,1,N/A,⚙️ Infraestructura / Técnico,0
63,1,N/A,⚙️ Infraestructura / Técnico,0
64,1,N/A,⚙️ Infraestructura / Técnico,0
65,1,N/A,⚙️ Infraestructura / Técnico,0
66,1,N/A,⚙️ Infraestructura / Técnico,0
67,1,N/A,⚙️ Infraestructura / Técnico,0
68,1,N/A,⚙️ Infraestructura / Técnico,0
69,1,N/A,⚙️ Infraestructura / Técnico,0
70,1,N/A,⚙️ Infraestructura / Técnico,0
71,1,N/A,⚙️ Infraestructura / Técnico,0
72,1,N/A,⚙️ Infraestructura / Técnico,0
73,1,N/A,⚙️ Infraestructura / Técnico,0
74,1,N/A,⚙️ Infraestructura / Técnico,0
75,1,N/A,⚙️ Infraestructura / Técnico,0
76,1,N/A,⚙️ Infraestructura / Técnico,0
77,1,N/A,⚙️ Infraestructura / Técnico,0
78,1,N/A,⚙️ Infraestructura / Técnico,0
79,1,N/A,⚙️ Infraestructura / Técnico,0
80,1,N/A,⚙️ Infraestructura / Técnico,0
81,1,N/A,⚙️ Infraestructura / Técnico,0
82,1,N/A,⚙️ Infraestructura / Técnico,0
83,1,N/A,⚙️ Infraestructura / Técnico,0
84,1,N/A,⚙️ Infraestructura / Técnico,0
85,1,N/A,⚙️ Infraestructura / Técnico,0
86,1,N/A,⚙️ Infraestructura / Técnico,0
87,1,N/A,⚙️ Infraestructura / Técnico,0
88,1,N/A,⚙️ Infraestructura / Técnico,0
89,1,N/A,⚙️ Infraestructura / Técnico,0
90,1,N/A,⚙️ Infraestructura / Técnico,0
91,1,N/A,⚙️ Infraestructura / Técnico,0
92,1,N/A,⚙️ Infraestructura / Técnico,0
93,1,N/A,⚙️ Infraestructura / Técnico,0
94,1,N/A,⚙️ Infraestructura / Técnico,0
95,1,N/A,⚙️ Infraestructura / Técnico,0
96,1,N/A,⚙️ Infraestructura / Técnico,0
97,1,N/A,⚙️ Infraestructura / Técnico,0
98,1,N/A,⚙️ Infraestructura / Técnico,0
99,1,N/A,⚙️ Infraestructura / Técnico,0
100,1,N/A,⚙️ Infraestructura / Técnico,0
101,1,N/A,⚙️ Infraestructura / Técnico,0
102,1,N/A,⚙️ Infraestructura / Técnico,0
103,1,N/A,⚙️ Infraestructura / Técnico,0
104,1,N/A,⚙️ Infraestructura / Técnico,0
105,1,N/A,⚙️ Infraestructura / Técnico,0
106,1,N/A,⚙️ Infraestructura / Técnico,0
107,1,N/A,⚙️ Infraestructura / Técnico,0
108,1,N/A,⚙️ Infraestructura / Técnico,0
109,1,N/A,⚙️ Infraestructura / Técnico,0
110,1,N/A,⚙️ Infraestructura / Técnico,0
111,1,N/A,⚙️ Infraestructura / Técnico,0
112,1,N/A,⚙️ Infraestructura / Técnico,0
113,1,N/A,⚙️ Infraestructura / Técnico,0
114,1,N/A,⚙️ Infraestructura / Técnico,0
115,1,N/A,⚙️ Infraestructura / Técnico,0
116,1,N/A,⚙️ Infraestructura / Técnico,0
117,1,N/A,⚙️ Infraestructura / Técnico,0
118,1,N/A,⚙️ Infraestructura / Técnico,0
119,1,N/A,⚙️ Infraestructura / Técnico,0
120,1,N/A,⚙️ Infraestructura / Técnico,0
121,1,N/A,⚙️ Infraestructura / Técnico,0
122,1,N/A,⚙️ Infraestructura / Técnico,0
123,1,N/A,⚙️ Infraestructura / Técnico,0
124,1,N/A,⚙️ Infraestructura / Técnico,0
125,1,N/A,⚙️ Infraestructura / Técnico,0
126,1,N/A,⚙️ Infraestructura / Técnico,0
127,1,N/A,⚙️ Infraestructura / Técnico,0
128,1,N/A,⚙️ Infraestructura / Técnico,0
129,1,N/A,⚙️ Infraestructura / Técnico,0
130,1,N/A,⚙️ Infraestructura / Técnico,0
131,1,N/A,⚙️ Infraestructura / Técnico,0
132,1,N/A,⚙️ Infraestructura / Técnico,0
133,1,N/A,⚙️ Infraestructura / Técnico,0
134,1,N/A,⚙️ Infraestructura / Técnico,0
135,1,N/A,⚙️ Infraestructura / Técnico,0
136,1,N/A,⚙️ Infraestructura / Técnico,0
137,1,N/A,⚙️ Infraestructura / Técnico,0
138,1,N/A,⚙️ Infraestructura / Técnico,0
139,1,N/A,⚙️ Infraestructura / Técnico,0
140,1,N/A,⚙️ Infraestructura / Técnico,0
141,1,N/A,⚙️ Infraestructura / Técnico,0
142,1,N/A,⚙️ Infraestructura / Técnico,0
143,1,N/A,⚙️ Infraestructura / Técnico,0
144,1,N/A,⚙️ Infraestructura / Técnico,0
145,1,N/A,⚙️ Infraestructura / Técnico,0
146,1,N/A,⚙️ Infraestructura / Técnico,0
147,1,N/A,⚙️ Infraestructura / Técnico,0
148,1,N/A,⚙️ Infraestructura / Técnico,0
149,1,N/A,⚙️ Infraestructura / Técnico,0
150,1,N/A,⚙️ Infraestructura / Técnico,0
151,1,N/A,⚙️ Infraestructura / Técnico,0
152,1,N/A,⚙️ Infraestructura / Técnico,0
153,1,N/A,⚙️ Infraestructura / Técnico,0
154,1,N/A,⚙️ Infraestructura / Técnico,0
155,1,N/A,⚙️ Infraestructura / Técnico,0
156,1,N/A,⚙️ Infraestructura / Técnico,0
157,1,N/A,⚙️ Infraestructura / Técnico,0
158,1,N/A,⚙️ Infraestructura / Técnico,0
159,1,N/A,⚙️ Infraestructura / Técnico,0
160,1,N/A,⚙️ Infraestructura / Técnico,0
161,1,N/A,⚙️ Infraestructura / Técnico,0
162,1,N/A,⚙️ Infraestructura / Técnico,0
163,1,N/A,⚙️ Infraestructura / Técnico,0
164,1,N/A,⚙️ Infraestructura / Técnico,0
165,1,N/A,⚙️ Infraestructura / Técnico,0
166,1,N/A,⚙️ Infraestructura / Técnico,0
167,1,N/A,⚙️ Infraestructura / Técnico,0
168,1,N/A,⚙️ Infraestructura / Técnico,0
169,1,N/A,⚙️ Infraestructura / Técnico,0
170,1,N/A,⚙️ Infraestructura / Técnico,0
171,1,N/A,⚙️ Infraestructura / Técnico,0
172,1,N/A,⚙️ Infraestructura / Técnico,0
173,1,N/A,⚙️ Infraestructura / Técnico,0
174,1,N/A,⚙️ Infraestructura / Técnico,0
175,1,N/A,⚙️ Infraestructura / Técnico,0
176,1,N/A,⚙️ Infraestructura / Técnico,0
177,1,N/A,⚙️ Infraestructura / Técnico,0
178,1,N/A,⚙️ Infraestructura / Técnico,0
179,1,N/A,⚙️ Infraestructura / Técnico,0
180,1,N/A,⚙️ Infraestructura / Técnico,0
181,1,N/A,⚙️ Infraestructura / Técnico,0
182,1,N/A,⚙️ Infraestructura / Técnico,0
183,1,N/A,⚙️ Infraestructura / Técnico,0
184,1,N/A,⚙️ Infraestructura / Técnico,0
185,1,N/A,⚙️ Infraestructura / Técnico,0
186,1,N/A,⚙️ Infraestructura / Técnico,0
187,1,N/A,⚙️ Infraestructura / Técnico,0
188,1,N/A,⚙️ Infraestructura / Técnico,0
189,1,N/A,⚙️ Infraestructura / Técnico,0
190,1,N/A,⚙️ Infraestructura / Técnico,0
191,1,N/A,⚙️ Infraestructura / Técnico,0
192,1,N/A,⚙️ Infraestructura / Técnico,0
193,1,N/A,⚙️ Infraestructura / Técnico,0
194,1,N/A,⚙️ Infraestructura / Técnico,0
195,1,N/A,⚙️ Infraestructura / Técnico,0
196,1,N/A,⚙️ Infraestructura / Técnico,0
197,1,N/A,⚙️ Infraestructura / Técnico,0
198,1,N/A,⚙️ Infraestructura / Técnico,0
199,1,N/A,⚙️ Infraestructura / Técnico,0
200,1,N/A,⚙️ Infraestructura / Técnico,0
201,1,N/A,⚙️ Infraestructura / Técnico,0
202,1,N/A,⚙️ Infraestructura / Técnico,0
203,1,N/A,⚙️ Infraestructura / Técnico,0
204,1,N/A,⚙️ Infraestructura / Técnico,0
205,1,N/A,⚙️ Infraestructura / Técnico,0
206,1,N/A,⚙️ Infraestructura / Técnico,0
207,1,N/A,⚙️ Infraestructura / Técnico,0
208,1,N/A,⚙️ Infraestructura / Técnico,0
209,1,N/A,⚙️ Infraestructura / Técnico,0
210,1,N/A,⚙️ Infraestructura / Técnico,0
211,1,N/A,⚙️ Infraestructura / Técnico,0
212,1,N/A,⚙️ Infraestructura / Técnico,0
213,1,N/A,⚙️ Infraestructura / Técnico,0
214,1,N/A,⚙️ Infraestructura / Técnico,0
215,1,N/A,⚙️ Infraestructura / Técnico,0
216,1,N/A,⚙️ Infraestructura / Técnico,0
217,1,N/A,⚙️ Infraestructura / Técnico,0
218,1,N/A,⚙️ Infraestructura / Técnico,0
219,1,N/A,⚙️ Infraestructura / Técnico,0
220,1,N/A,⚙️ Infraestructura / Técnico,0
221,1,N/A,⚙️ Infraestructura / Técnico,0
222,1,N/A,⚙️ Infraestructura / Técnico,0
223,1,N/A,⚙️ Infraestructura / Técnico,0
224,1,N/A,⚙️ Infraestructura / Técnico,0
225,1,N/A,⚙️ Infraestructura / Técnico,0
226,1,N/A,⚙️ Infraestructura / Técnico,0
227,1,N/A,⚙️ Infraestructura / Técnico,0
228,1,N/A,⚙️ Infraestructura / Técnico,0
229,1,N/A,⚙️ Infraestructura / Técnico,0
230,1,N/A,⚙️ Infraestructura / Técnico,0
231,1,N/A,⚙️ Infraestructura / Técnico,0
232,1,N/A,⚙️ Infraestructura / Técnico,0
233,1,N/A,⚙️ Infraestructura / Técnico,0
234,1,N/A,⚙️ Infraestructura / Técnico,0
235,1,N/A,⚙️ Infraestructura / Técnico,0
236,1,N/A,⚙️ Infraestructura / Técnico,0
237,1,N/A,⚙️ Infraestructura / Técnico,0
238,1,N/A,⚙️ Infraestructura / Técnico,0
239,1,N/A,⚙️ Infraestructura / Técnico,0
240,1,N/A,⚙️ Infraestructura / Técnico,0
241,1,N/A,⚙️ Infraestructura / Técnico,0
242,1,N/A,⚙️ Infraestructura / Técnico,0
243,1,N/A,⚙️ Infraestructura / Técnico,0
244,1,N/A,⚙️ Infraestructura / Técnico,0
245,1,N/A,⚙️ Infraestructura / Técnico,0
246,1,N/A,⚙️ Infraestructura / Técnico,0
247,1,N/A,⚙️ Infraestructura / Técnico,0
248,1,N/A,⚙️ Infraestructura / Técnico,0
249,1,N/A,⚙️ Infraestructura / Técnico,0
250,1,N/A,⚙️ Infraestructura / Técnico,0
251,1,N/A,⚙️ Infraestructura / Técnico,0
252,1,N/A,⚙️ Infraestructura / Técnico,0
253,1,N/A,⚙️ Infraestructura / Técnico,0
254,1,N/A,⚙️ Infraestructura / Técnico,0
255,1,N/A,⚙️ Infraestructura / Técnico,0
256,1,N/A,⚙️ Infraestructura / Técnico,0
257,1,N/A,⚙️ Infraestructura / Técnico,0
258,1,N/A,⚙️ Infraestructura / Técnico,0
259,1,N/A,⚙️ Infraestructura / Técnico,0
260,1,N/A,⚙️ Infraestructura / Técnico,0
261,1,N/A,⚙️ Infraestructura / Técnico,0
262,1,N/A,⚙️ Infraestructura / Técnico,0
263,1,N/A,⚙️ Infraestructura / Técnico,0
264,1,N/A,⚙️ Infraestructura / Técnico,0
265,1,N/A,⚙️ Infraestructura / Técnico,0
266,1,N/A,⚙️ Infraestructura / Técnico,0
267,1,N/A,⚙️ Infraestructura / Técnico,0
268,1,N/A,⚙️ Infraestructura / Técnico,0
269,1,N/A,⚙️ Infraestructura / Técnico,0
270,1,N/A,⚙️ Infraestructura / Técnico,0
271,1,N/A,⚙️ Infraestructura / Técnico,0
272,1,N/A,⚙️ Infraestructura / Técnico,0
273,1,N/A,⚙️ Infraestructura / Técnico,0
274,1,N/A,⚙️ Infraestructura / Técnico,0
275,1,N/A,⚙️ Infraestructura / Técnico,0
276,1,N/A,⚙️ Infraestructura / Técnico,0
277,1,N/A,⚙️ Infraestructura / Técnico,0
278,1,N/A,⚙️ Infraestructura / Técnico,0
279,1,N/A,⚙️ Infraestructura / Técnico,0
280,1,N/A,⚙️ Infraestructura / Técnico,0
281,1,N/A,⚙️ Infraestructura / Técnico,0
282,1,N/A,⚙️ Infraestructura / Técnico,0
283,1,N/A,⚙️ Infraestructura / Técnico,0
284,1,N/A,⚙️ Infraestructura / Técnico,0
285,1,N/A,⚙️ Infraestructura / Técnico,0
286,1,N/A,⚙️ Infraestructura / Técnico,0
287,1,N/A,⚙️ Infraestructura / Técnico,0
288,1,N/A,⚙️ Infraestructura / Técnico,0
289,1,N/A,⚙️ Infraestructura / Técnico,0
290,1,N/A,⚙️ Infraestructura / Técnico,0
291,1,N/A,⚙️ Infraestructura / Técnico,0
292,1,N/A,⚙️ Infraestructura / Técnico,0
293,1,N/A,⚙️ Infraestructura / Técnico,0
294,1,N/A,⚙️ Infraestructura / Técnico,0
295,1,N/A,⚙️ Infraestructura / Técnico,0
296,1,N/A,⚙️ Infraestructura / Técnico,0
297,1,N/A,⚙️ Infraestructura / Técnico,0
298,1,N/A,⚙️ Infraestructura / Técnico,0
299,1,N/A,⚙️ Infraestructura / Técnico,0
300,1,N/A,⚙️ Infraestructura / Técnico,0
301,1,N/A,⚙️ Infraestructura / Técnico,0
302,1,N/A,⚙️ Infraestructura / Técnico,0
303,1,N/A,⚙️ Infraestructura / Técnico,0
304,1,N/A,⚙️ Infraestructura / Técnico,0
305,1,N/A,⚙️ Infraestructura / Técnico,0
306,1,N/A,⚙️ Infraestructura / Técnico,0
307,1,N/A,⚙️ Infraestructura / Técnico,0
308,1,N/A,⚙️ Infraestructura / Técnico,0
309,1,N/A,⚙️ Infraestructura / Técnico,0
310,1,N/A,⚙️ Infraestructura / Técnico,0
311,1,N/A,⚙️ Infraestructura / Técnico,0
312,1,N/A,⚙️ Infraestructura / Técnico,0
313,1,N/A,⚙️ Infraestructura / Técnico,0
314,1,N/A,⚙️ Infraestructura / Técnico,0
315,1,N/A,⚙️ Infraestructura / Técnico,0
316,1,N/A,⚙️ Infraestructura / Técnico,0
317,1,N/A,⚙️ Infraestructura / Técnico,0
318,1,N/A,⚙️ Infraestructura / Técnico,0
319,1,N/A,⚙️ Infraestructura / Técnico,0
320,1,N/A,⚙️ Infraestructura / Técnico,0
321,1,N/A,⚙️ Infraestructura / Técnico,0
322,1,N/A,⚙️ Infraestructura / Técnico,0
323,1,N/A,⚙️ Infraestructura / Técnico,0
324,1,N/A,⚙️ Infraestructura / Técnico,0
325,1,N/A,⚙️ Infraestructura / Técnico,0
326,1,N/A,⚙️ Infraestructura / Técnico,0
327,1,N/A,⚙️ Infraestructura / Técnico,0
328,1,N/A,⚙️ Infraestructura / Técnico,0
329,1,N/A,⚙️ Infraestructura / Técnico,0
330,1,N/A,⚙️ Infraestructura / Técnico,0
331,1,N/A,⚙️ Infraestructura / Técnico,0
332,1,N/A,⚙️ Infraestructura / Técnico,0
333,1,N/A,⚙️ Infraestructura / Técnico,0
334,1,N/A,⚙️ Infraestructura / Técnico,0
335,1,N/A,⚙️ Infraestructura / Técnico,0
336,1,N/A,⚙️ Infraestructura / Técnico,0
337,1,N/A,⚙️ Infraestructura / Técnico,0
338,1,N/A,⚙️ Infraestructura / Técnico,0
339,1,N/A,⚙️ Infraestructura / Técnico,0
340,1,N/A,⚙️ Infraestructura / Técnico,0
341,1,N/A,⚙️ Infraestructura / Técnico,0
342,1,N/A,⚙️ Infraestructura / Técnico,0
343,1,N/A,⚙️ Infraestructura / Técnico,0
344,1,N/A,⚙️ Infraestructura / Técnico,0
345,1,N/A,⚙️ Infraestructura / Técnico,0
346,1,N/A,⚙️ Infraestructura / Técnico,0
347,1,N/A,⚙️ Infraestructura / Técnico,0
348,1,N/A,⚙️ Infraestructura / Técnico,0
349,1,N/A,⚙️ Infraestructura / Técnico,0
350,1,N/A,⚙️ Infraestructura / Técnico,0
351,1,N/A,⚙️ Infraestructura / Técnico,0
352,1,N/A,⚙️ Infraestructura / Técnico,0
353,1,N/A,⚙️ Infraestructura / Técnico,0
354,1,N/A,⚙️ Infraestructura / Técnico,0
355,1,N/A,⚙️ Infraestructura / Técnico,0
356,1,N/A,⚙️ Infraestructura / Técnico,0
357,1,N/A,⚙️ Infraestructura / Técnico,0
358,1,N/A,⚙️ Infraestructura / Técnico,0
359,1,N/A,⚙️ Infraestructura / Técnico,0
360,1,N/A,⚙️ Infraestructura / Técnico,0
361,1,N/A,⚙️ Infraestructura / Técnico,0
362,1,N/A,⚙️ Infraestructura / Técnico,0
363,1,N/A,⚙️ Infraestructura / Técnico,0
364,1,N/A,⚙️ Infraestructura / Técnico,0
365,1,N/A,⚙️ Infraestructura / Técnico,0
366,1,N/A,⚙️ Infraestructura / Técnico,0
367,1,N/A,⚙️ Infraestructura / Técnico,0
368,1,N/A,⚙️ Infraestructura / Técnico,0
369,1,N/A,⚙️ Infraestructura / Técnico,0
370,1,N/A,⚙️ Infraestructura / Técnico,0
371,1,N/A,⚙️ Infraestructura / Técnico,0
372,1,N/A,⚙️ Infraestructura / Técnico,0
373,1,N/A,⚙️ Infraestructura / Técnico,0
374,1,N/A,⚙️ Infraestructura / Técnico,0
375,1,N/A,⚙️ Infraestructura / Técnico,0
376,1,N/A,⚙️ Infraestructura / Técnico,0
377,1,N/A,⚙️ Infraestructura / Técnico,0
378,1,N/A,⚙️ Infraestructura / Técnico,0
379,1,N/A,⚙️ Infraestructura / Técnico,0
380,1,N/A,⚙️ Infraestructura / Técnico,0
381,1,N/A,⚙️ Infraestructura / Técnico,0
382,1,N/A,⚙️ Infraestructura / Técnico,0
383,1,N/A,⚙️ Infraestructura / Técnico,0
384,1,N/A,⚙️ Infraestructura / Técnico,0
385,1,N/A,⚙️ Infraestructura / Técnico,0
386,1,N/A,⚙️ Infraestructura / Técnico,0
387,1,N/A,⚙️ Infraestructura / Técnico,0
388,1,N/A,⚙️ Infraestructura / Técnico,0
389,1,N/A,⚙️ Infraestructura / Técnico,0
390,1,N/A,⚙️ Infraestructura / Técnico,0
391,1,N/A,⚙️ Infraestructura / Técnico,0
392,1,N/A,⚙️ Infraestructura / Técnico,0
393,1,N/A,⚙️ Infraestructura / Técnico,0
394,1,N/A,⚙️ Infraestructura / Técnico,0
395,1,N/A,⚙️ Infraestructura / Técnico,0
396,1,N/A,⚙️ Infraestructura / Técnico,0
397,1,N/A,⚙️ Infraestructura / Técnico,0
398,1,N/A,⚙️ Infraestructura / Técnico,0
399,1,N/A,⚙️ Infraestructura / Técnico,0
400,1,N/A,⚙️ Infraestructura / Técnico,0
401,1,N/A,⚙️ Infraestructura / Técnico,0
402,1,N/A,⚙️ Infraestructura / Técnico,0
403,1,N/A,⚙️ Infraestructura / Técnico,0
404,1,N/A,⚙️ Infraestructura / Técnico,0
405,1,N/A,⚙️ Infraestructura / Técnico,0
406,1,N/A,⚙️ Infraestructura / Técnico,0
407,1,N/A,⚙️ Infraestructura / Técnico,0
408,1,N/A,⚙️ Infraestructura / Técnico,0
409,1,N/A,⚙️ Infraestructura / Técnico,0
410,1,N/A,⚙️ Infraestructura / Técnico,0
411,1,N/A,⚙️ Infraestructura / Técnico,0
412,1,N/A,⚙️ Infraestructura / Técnico,0
413,1,N/A,⚙️ Infraestructura / Técnico,0
414,1,N/A,⚙️ Infraestructura / Técnico,0
415,1,N/A,⚙️ Infraestructura / Técnico,0
416,1,N/A,⚙️ Infraestructura / Técnico,0
417,1,N/A,⚙️ Infraestructura / Técnico,0
418,1,N/A,⚙️ Infraestructura / Técnico,0
419,1,N/A,⚙️ Infraestructura / Técnico,0
420,1,N/A,⚙️ Infraestructura / Técnico,0
421,1,N/A,⚙️ Infraestructura / Técnico,0
422,1,N/A,⚙️ Infraestructura / Técnico,0
423,1,N/A,⚙️ Infraestructura / Técnico,0
424,1,N/A,⚙️ Infraestructura / Técnico,0
425,1,N/A,⚙️ Infraestructura / Técnico,0
426,1,N/A,⚙️ Infraestructura / Técnico,0
427,1,N/A,⚙️ Infraestructura / Técnico,0
428,1,N/A,⚙️ Infraestructura / Técnico,0
429,1,N/A,⚙️ Infraestructura / Técnico,0
430,1,N/A,⚙️ Infraestructura / Técnico,0
431,1,N/A,⚙️ Infraestructura / Técnico,0
432,1,N/A,⚙️ Infraestructura / Técnico,0
433,1,N/A,⚙️ Infraestructura / Técnico,0
434,1,N/A,⚙️ Infraestructura / Técnico,0
435,1,N/A,⚙️ Infraestructura / Técnico,0
436,1,N/A,⚙️ Infraestructura / Técnico,0
437,1,N/A,⚙️ Infraestructura / Técnico,0
438,1,N/A,⚙️ Infraestructura / Técnico,0
439,1,N/A,⚙️ Infraestructura / Técnico,0
440,1,N/A,⚙️ Infraestructura / Técnico,0
441,1,N/A,⚙️ Infraestructura / Técnico,0
442,1,N/A,⚙️ Infraestructura / Técnico,0
443,1,N/A,⚙️ Infraestructura / Técnico,0
444,1,N/A,⚙️ Infraestructura / Técnico,0
445,1,N/A,⚙️ Infraestructura / Técnico,0
446,1,N/A,⚙️ Infraestructura / Técnico,0
447,1,N/A,⚙️ Infraestructura / Técnico,0
448,1,N/A,⚙️ Infraestructura / Técnico,0
449,1,N/A,⚙️ Infraestructura / Técnico,0
450,1,N/A,⚙️ Infraestructura / Técnico,0
451,1,N/A,⚙️ Infraestructura / Técnico,0
452,1,N/A,⚙️ Infraestructura / Técnico,0
453,1,N/A,⚙️ Infraestructura / Técnico,0
454,1,N/A,⚙️ Infraestructura / Técnico,0
455,1,N/A,⚙️ Infraestructura / Técnico,0
456,1,N/A,⚙️ Infraestructura / Técnico,0
457,1,N/A,⚙️ Infraestructura / Técnico,0
458,1,N/A,⚙️ Infraestructura / Técnico,0
459,1,N/A,⚙️ Infraestructura / Técnico,0
460,1,N/A,⚙️ Infraestructura / Técnico,0
461,1,N/A,⚙️ Infraestructura / Técnico,0
462,1,N/A,⚙️ Infraestructura / Técnico,0
463,1,N/A,⚙️ Infraestructura / Técnico,0
464,1,N/A,⚙️ Infraestructura / Técnico,0
465,1,N/A,⚙️ Infraestructura / Técnico,0
466,1,N/A,⚙️ Infraestructura / Técnico,0
467,1,N/A,⚙️ Infraestructura / Técnico,0
468,1,N/A,⚙️ Infraestructura / Técnico,0
469,1,N/A,⚙️ Infraestructura / Técnico,0
470,1,N/A,⚙️ Infraestructura / Técnico,0
471,1,N/A,⚙️ Infraestructura / Técnico,0
472,1,N/A,⚙️ Infraestructura / Técnico,0
473,1,N/A,⚙️ Infraestructura / Técnico,0
474,1,N/A,⚙️ Infraestructura / Técnico,0
475,1,N/A,⚙️ Infraestructura / Técnico,0
476,1,N/A,⚙️ Infraestructura / Técnico,0
477,1,N/A,⚙️ Infraestructura / Técnico,0
478,1,N/A,⚙️ Infraestructura / Técnico,0
479,1,N/A,⚙️ Infraestructura / Técnico,0
480,1,N/A,⚙️ Infraestructura / Técnico,0
481,1,N/A,⚙️ Infraestructura / Técnico,0
482,1,N/A,⚙️ Infraestructura / Técnico,0
483,1,N/A,⚙️ Infraestructura / Técnico,0
484,1,N/A,⚙️ Infraestructura / Técnico,0
485,1,N/A,⚙️ Infraestructura / Técnico,0
486,1,N/A,⚙️ Infraestructura / Técnico,0
487,1,N/A,⚙️ Infraestructura / Técnico,0
488,1,N/A,⚙️ Infraestructura / Técnico,0
489,1,N/A,⚙️ Infraestructura / Técnico,0
490,1,N/A,⚙️ Infraestructura / Técnico,0
491,1,N/A,⚙️ Infraestructura / Técnico,0
492,1,N/A,⚙️ Infraestructura / Técnico,0
493,1,N/A,⚙️ Infraestructura / Técnico,0
494,1,N/A,⚙️ Infraestructura / Técnico,0
495,1,N/A,⚙️ Infraestructura / Técnico,0
496,1,N/A,⚙️ Infraestructura / Técnico,0
497,1,N/A,⚙️ Infraestructura / Técnico,0
498,1,N/A,⚙️ Infraestructura / Técnico,0
499,1,N/A,⚙️ Infraestructura / Técnico,0
500,1,N/A,⚙️ Infraestructura / Técnico,0
501,1,N/A,⚙️ Infraestructura / Técnico,0
502,1,N/A,⚙️ Infraestructura / Técnico,0
503,1,N/A,⚙️ Infraestructura / Técnico,0
504,1,N/A,⚙️ Infraestructura / Técnico,0
505,1,N/A,⚙️ Infraestructura / Técnico,0
506,1,N/A,⚙️ Infraestructura / Técnico,0
507,1,N/A,⚙️ Infraestructura / Técnico,0
508,1,N/A,⚙️ Infraestructura / Técnico,0
509,1,N/A,⚙️ Infraestructura / Técnico,0
510,1,N/A,⚙️ Infraestructura / Técnico,0
511,1,N/A,⚙️ Infraestructura / Técnico,0
512,1,N/A,⚙️ Infraestructura / Técnico,0
513,1,N/A,⚙️ Infraestructura / Técnico,0
514,1,N/A,⚙️ Infraestructura / Técnico,0
515,1,N/A,⚙️ Infraestructura / Técnico,0
516,1,N/A,⚙️ Infraestructura / Técnico,0
517,1,N/A,⚙️ Infraestructura / Técnico,0
518,1,N/A,⚙️ Infraestructura / Técnico,0
519,1,N/A,⚙️ Infraestructura / Técnico,0
520,1,N/A,⚙️ Infraestructura / Técnico,0
521,1,N/A,⚙️ Infraestructura / Técnico,0
522,1,N/A,⚙️ Infraestructura / Técnico,0
523,1,N/A,⚙️ Infraestructura / Técnico,0
524,1,N/A,⚙️ Infraestructura / Técnico,0
525,1,N/A,⚙️ Infraestructura / Técnico,0
526,1,N/A,⚙️ Infraestructura / Técnico,0
527,1,N/A,⚙️ Infraestructura / Técnico,0
528,1,N/A,⚙️ Infraestructura / Técnico,0
529,1,N/A,⚙️ Infraestructura / Técnico,0
530,1,N/A,⚙️ Infraestructura / Técnico,0
531,1,N/A,⚙️ Infraestructura / Técnico,0
532,1,N/A,⚙️ Infraestructura / Técnico,0
533,1,N/A,⚙️ Infraestructura / Técnico,0
534,1,N/A,⚙️ Infraestructura / Técnico,0
535,1,N/A,⚙️ Infraestructura / Técnico,0
536,1,N/A,⚙️ Infraestructura / Técnico,0
537,1,N/A,⚙️ Infraestructura / Técnico,0
538,1,N/A,⚙️ Infraestructura / Técnico,0
539,1,N/A,⚙️ Infraestructura / Técnico,0
540,1,N/A,⚙️ Infraestructura / Técnico,0
541,1,N/A,⚙️ Infraestructura / Técnico,0
542,1,N/A,⚙️ Infraestructura / Técnico,0
543,1,N/A,⚙️ Infraestructura / Técnico,0
544,1,N/A,⚙️ Infraestructura / Técnico,0
545,1,N/A,⚙️ Infraestructura / Técnico,0
546,1,N/A,⚙️ Infraestructura / Técnico,0
547,1,N/A,⚙️ Infraestructura / Técnico,0
548,1,N/A,⚙️ Infraestructura / Técnico,0
549,1,N/A,⚙️ Infraestructura / Técnico,0
550,1,N/A,⚙️ Infraestructura / Técnico,0
551,1,N/A,⚙️ Infraestructura / Técnico,0
552,1,N/A,⚙️ Infraestructura / Técnico,0
553,1,N/A,⚙️ Infraestructura / Técnico,0
554,1,N/A,⚙️ Infraestructura / Técnico,0
555,1,N/A,⚙️ Infraestructura / Técnico,0
556,1,N/A,⚙️ Infraestructura / Técnico,0
557,1,N/A,⚙️ Infraestructura / Técnico,0
558,1,N/A,⚙️ Infraestructura / Técnico,0
559,1,N/A,⚙️ Infraestructura / Técnico,0
560,1,N/A,⚙️ Infraestructura / Técnico,0
561,1,N/A,⚙️ Infraestructura / Técnico,0
562,1,N/A,⚙️ Infraestructura / Técnico,0
563,1,N/A,⚙️ Infraestructura / Técnico,0
564,1,N/A,⚙️ Infraestructura / Técnico,0
565,1,N/A,⚙️ Infraestructura / Técnico,0
566,1,N/A,⚙️ Infraestructura / Técnico,0
567,1,N/A,⚙️ Infraestructura / Técnico,0
568,1,N/A,⚙️ Infraestructura / Técnico,0
569,1,N/A,⚙️ Infraestructura / Técnico,0
570,1,N/A,⚙️ Infraestructura / Técnico,0
571,1,N/A,⚙️ Infraestructura / Técnico,0
572,1,N/A,⚙️ Infraestructura / Técnico,0
573,1,N/A,⚙️ Infraestructura / Técnico,0
574,1,N/A,⚙️ Infraestructura / Técnico,0
575,1,N/A,⚙️ Infraestructura / Técnico,0
576,1,N/A,⚙️ Infraestructura / Técnico,0
577,1,N/A,⚙️ Infraestructura / Técnico,0
578,1,N/A,⚙️ Infraestructura / Técnico,0
579,1,N/A,⚙️ Infraestructura / Técnico,0
580,1,N/A,⚙️ Infraestructura / Técnico,0
581,1,N/A,⚙️ Infraestructura / Técnico,0
582,1,N/A,⚙️ Infraestructura / Técnico,0
583,1,N/A,⚙️ Infraestructura / Técnico,0
584,1,N/A,⚙️ Infraestructura / Técnico,0
585,1,N/A,⚙️ Infraestructura / Técnico,0
586,1,N/A,⚙️ Infraestructura / Técnico,0
587,1,N/A,⚙️ Infraestructura / Técnico,0
588,1,N/A,⚙️ Infraestructura / Técnico,0
589,1,N/A,⚙️ Infraestructura / Técnico,0
590,1,N/A,⚙️ Infraestructura / Técnico,0
591,1,N/A,⚙️ Infraestructura / Técnico,0
592,1,N/A,⚙️ Infraestructura / Técnico,0
593,1,N/A,⚙️ Infraestructura / Técnico,0
594,1,N/A,⚙️ Infraestructura / Técnico,0
595,1,N/A,⚙️ Infraestructura / Técnico,0
596,1,N/A,⚙️ Infraestructura / Técnico,0
597,1,N/A,⚙️ Infraestructura / Técnico,0
598,1,N/A,⚙️ Infraestructura / Técnico,0
599,1,N/A,⚙️ Infraestructura / Técnico,0
600,1,N/A,⚙️ Infraestructura / Técnico,0
601,1,N/A,⚙️ Infraestructura / Técnico,0
602,1,N/A,⚙️ Infraestructura / Técnico,0
603,1,N/A,⚙️ Infraestructura / Técnico,0
604,1,N/A,⚙️ Infraestructura / Técnico,0
605,1,N/A,⚙️ Infraestructura / Técnico,0
606,1,N/A,⚙️ Infraestructura / Técnico,0
607,1,N/A,⚙️ Infraestructura / Técnico,0
608,1,N/A,⚙️ Infraestructura / Técnico,0
609,1,N/A,⚙️ Infraestructura / Técnico,0
610,1,N/A,⚙️ Infraestructura / Técnico,0
611,1,N/A,⚙️ Infraestructura / Técnico,0
612,1,N/A,⚙️ Infraestructura / Técnico,0
613,1,N/A,⚙️ Infraestructura / Técnico,0
614,1,N/A,⚙️ Infraestructura / Técnico,0
615,1,N/A,⚙️ Infraestructura / Técnico,0
616,1,N/A,⚙️ Infraestructura / Técnico,0
617,1,N/A,⚙️ Infraestructura / Técnico,0
618,1,N/A,⚙️ Infraestructura / Técnico,0
619,1,N/A,⚙️ Infraestructura / Técnico,0
620,1,N/A,⚙️ Infraestructura / Técnico,0
621,1,N/A,⚙️ Infraestructura / Técnico,0
622,1,N/A,⚙️ Infraestructura / Técnico,0
623,1,N/A,⚙️ Infraestructura / Técnico,0
624,1,N/A,⚙️ Infraestructura / Técnico,0
625,1,N/A,⚙️ Infraestructura / Técnico,0
626,1,N/A,⚙️ Infraestructura / Técnico,0
627,1,N/A,⚙️ Infraestructura / Técnico,0
628,1,N/A,⚙️ Infraestructura / Técnico,0
629,1,N/A,⚙️ Infraestructura / Técnico,0
630,1,N/A,⚙️ Infraestructura / Técnico,0
631,1,N/A,⚙️ Infraestructura / Técnico,0
632,1,N/A,⚙️ Infraestructura / Técnico,0
633,1,N/A,⚙️ Infraestructura / Técnico,0
634,1,N/A,⚙️ Infraestructura / Técnico,0
635,1,N/A,⚙️ Infraestructura / Técnico,0
636,1,N/A,⚙️ Infraestructura / Técnico,0
637,1,N/A,⚙️ Infraestructura / Técnico,0
638,1,N/A,⚙️ Infraestructura / Técnico,0
639,1,N/A,⚙️ Infraestructura / Técnico,0
640,1,N/A,⚙️ Infraestructura / Técnico,0
641,1,N/A,⚙️ Infraestructura / Técnico,0
642,1,N/A,⚙️ Infraestructura / Técnico,0
643,1,N/A,⚙️ Infraestructura / Técnico,0
644,1,N/A,⚙️ Infraestructura / Técnico,0
645,1,N/A,⚙️ Infraestructura / Técnico,0
646,1,N/A,⚙️ Infraestructura / Técnico,0
647,1,N/A,⚙️ Infraestructura / Técnico,0
648,1,N/A,⚙️ Infraestructura / Técnico,0
649,1,N/A,⚙️ Infraestructura / Técnico,0
650,1,N/A,⚙️ Infraestructura / Técnico,0
651,1,N/A,⚙️ Infraestructura / Técnico,0
652,1,N/A,⚙️ Infraestructura / Técnico,0
653,1,N/A,⚙️ Infraestructura / Técnico,0
654,1,N/A,⚙️ Infraestructura / Técnico,0
655,1,N/A,⚙️ Infraestructura / Técnico,0
656,1,N/A,⚙️ Infraestructura / Técnico,0
657,1,N/A,⚙️ Infraestructura / Técnico,0
658,1,N/A,⚙️ Infraestructura / Técnico,0
659,1,N/A,⚙️ Infraestructura / Técnico,0
660,1,N/A,⚙️ Infraestructura / Técnico,0
661,1,N/A,⚙️ Infraestructura / Técnico,0
662,1,N/A,⚙️ Infraestructura / Técnico,0
663,1,N/A,⚙️ Infraestructura / Técnico,0
664,1,N/A,⚙️ Infraestructura / Técnico,0
665,1,N/A,⚙️ Infraestructura / Técnico,0
666,1,N/A,⚙️ Infraestructura / Técnico,0
667,1,N/A,⚙️ Infraestructura / Técnico,0
668,1,N/A,⚙️ Infraestructura / Técnico,0
669,1,N/A,⚙️ Infraestructura / Técnico,0
670,1,N/A,⚙️ Infraestructura / Técnico,0
671,1,N/A,⚙️ Infraestructura / Técnico,0
672,1,N/A,⚙️ Infraestructura / Técnico,0
673,1,N/A,⚙️ Infraestructura / Técnico,0
674,1,N/A,⚙️ Infraestructura / Técnico,0
675,1,N/A,⚙️ Infraestructura / Técnico,0
676,1,N/A,⚙️ Infraestructura / Técnico,0
677,1,N/A,⚙️ Infraestructura / Técnico,0
678,1,N/A,⚙️ Infraestructura / Técnico,0
679,1,N/A,⚙️ Infraestructura / Técnico,0
680,1,N/A,⚙️ Infraestructura / Técnico,0
681,1,N/A,⚙️ Infraestructura / Técnico,0
682,1,N/A,⚙️ Infraestructura / Técnico,0
683,1,N/A,⚙️ Infraestructura / Técnico,0
684,1,N/A,⚙️ Infraestructura / Técnico,0
685,1,N/A,⚙️ Infraestructura / Técnico,0
686,1,N/A,⚙️ Infraestructura / Técnico,0
687,1,N/A,⚙️ Infraestructura / Técnico,0
688,1,N/A,⚙️ Infraestructura / Técnico,0
689,1,N/A,⚙️ Infraestructura / Técnico,0
690,1,N/A,⚙️ Infraestructura / Técnico,0
691,1,N/A,⚙️ Infraestructura / Técnico,0
692,1,N/A,⚙️ Infraestructura / Técnico,0
693,1,N/A,⚙️ Infraestructura / Técnico,0
694,1,N/A,⚙️ Infraestructura / Técnico,0
695,1,N/A,⚙️ Infraestructura / Técnico,0
696,1,N/A,⚙️ Infraestructura / Técnico,0
697,1,N/A,⚙️ Infraestructura / Técnico,0
698,1,N/A,⚙️ Infraestructura / Técnico,0
699,1,N/A,⚙️ Infraestructura / Técnico,0
700,1,N/A,⚙️ Infraestructura / Técnico,0
701,1,N/A,⚙️ Infraestructura / Técnico,0
702,1,N/A,⚙️ Infraestructura / Técnico,0
703,1,N/A,⚙️ Infraestructura / Técnico,0
704,1,N/A,⚙️ Infraestructura / Técnico,0
705,1,N/A,⚙️ Infraestructura / Técnico,0
706,1,N/A,⚙️ Infraestructura / Técnico,0
707,1,N/A,⚙️ Infraestructura / Técnico,0
708,1,N/A,⚙️ Infraestructura / Técnico,0
709,1,N/A,⚙️ Infraestructura / Técnico,0
710,1,N/A,⚙️ Infraestructura / Técnico,0
711,1,N/A,⚙️ Infraestructura / Técnico,0
712,1,N/A,⚙️ Infraestructura / Técnico,0
713,1,N/A,⚙️ Infraestructura / Técnico,0
714,1,N/A,⚙️ Infraestructura / Técnico,0
715,1,N/A,⚙️ Infraestructura / Técnico,0
716,1,N/A,⚙️ Infraestructura / Técnico,0
717,1,N/A,⚙️ Infraestructura / Técnico,0
718,1,N/A,⚙️ Infraestructura / Técnico,0
719,1,N/A,⚙️ Infraestructura / Técnico,0
720,1,N/A,⚙️ Infraestructura / Técnico,0
721,1,N/A,⚙️ Infraestructura / Técnico,0
722,1,N/A,⚙️ Infraestructura / Técnico,0
723,1,N/A,⚙️ Infraestructura / Técnico,0
724,1,N/A,⚙️ Infraestructura / Técnico,0
725,1,N/A,⚙️ Infraestructura / Técnico,0
726,1,N/A,⚙️ Infraestructura / Técnico,0
727,1,N/A,⚙️ Infraestructura / Técnico,0
728,1,N/A,⚙️ Infraestructura / Técnico,0
729,1,N/A,⚙️ Infraestructura / Técnico,0
730,1,N/A,⚙️ Infraestructura / Técnico,0
731,1,N/A,⚙️ Infraestructura / Técnico,0
732,1,N/A,⚙️ Infraestructura / Técnico,0
733,1,N/A,⚙️ Infraestructura / Técnico,0
734,1,N/A,⚙️ Infraestructura / Técnico,0
735,1,N/A,⚙️ Infraestructura / Técnico,0
736,1,N/A,⚙️ Infraestructura / Técnico,0
737,1,N/A,⚙️ Infraestructura / Técnico,0
738,1,N/A,⚙️ Infraestructura / Técnico,0
739,1,N/A,⚙️ Infraestructura / Técnico,0
740,1,N/A,⚙️ Infraestructura / Técnico,0
741,1,N/A,⚙️ Infraestructura / Técnico,0
742,1,N/A,⚙️ Infraestructura / Técnico,0
743,1,N/A,⚙️ Infraestructura / Técnico,0
744,1,N/A,⚙️ Infraestructura / Técnico,0
745,1,N/A,⚙️ Infraestructura / Técnico,0
746,1,N/A,⚙️ Infraestructura / Técnico,0
747,1,N/A,⚙️ Infraestructura / Técnico,0
748,1,N/A,⚙️ Infraestructura / Técnico,0
749,1,N/A,⚙️ Infraestructura / Técnico,0
750,1,N/A,⚙️ Infraestructura / Técnico,0
751,1,N/A,⚙️ Infraestructura / Técnico,0
752,1,N/A,⚙️ Infraestructura / Técnico,0
753,1,N/A,⚙️ Infraestructura / Técnico,0
754,1,N/A,⚙️ Infraestructura / Técnico,0
755,1,N/A,⚙️ Infraestructura / Técnico,0
756,1,N/A,⚙️ Infraestructura / Técnico,0
757,1,N/A,⚙️ Infraestructura / Técnico,0
758,1,N/A,⚙️ Infraestructura / Técnico,0
759,1,N/A,⚙️ Infraestructura / Técnico,0
760,1,N/A,⚙️ Infraestructura / Técnico,0
761,1,N/A,⚙️ Infraestructura / Técnico,0
762,1,N/A,⚙️ Infraestructura / Técnico,0
763,1,N/A,⚙️ Infraestructura / Técnico,0
764,1,N/A,⚙️ Infraestructura / Técnico,0
765,1,N/A,⚙️ Infraestructura / Técnico,0
766,1,N/A,⚙️ Infraestructura / Técnico,0
767,1,N/A,⚙️ Infraestructura / Técnico,0
768,1,N/A,⚙️ Infraestructura / Técnico,0
769,1,N/A,⚙️ Infraestructura / Técnico,0
770,1,N/A,⚙️ Infraestructura / Técnico,0
771,1,N/A,⚙️ Infraestructura / Técnico,0
772,1,N/A,⚙️ Infraestructura / Técnico,0
773,1,N/A,⚙️ Infraestructura / Técnico,0
774,1,N/A,⚙️ Infraestructura / Técnico,0
775,1,N/A,⚙️ Infraestructura / Técnico,0
776,1,N/A,⚙️ Infraestructura / Técnico,0
777,1,N/A,⚙️ Infraestructura / Técnico,0
778,1,N/A,⚙️ Infraestructura / Técnico,0
779,1,N/A,⚙️ Infraestructura / Técnico,0
780,1,N/A,⚙️ Infraestructura / Técnico,0
781,1,N/A,⚙️ Infraestructura / Técnico,0
782,1,N/A,⚙️ Infraestructura / Técnico,0
783,1,N/A,⚙️ Infraestructura / Técnico,0
784,1,N/A,⚙️ Infraestructura / Técnico,0
785,1,N/A,⚙️ Infraestructura / Técnico,0
786,1,N/A,⚙️ Infraestructura / Técnico,0
787,1,N/A,⚙️ Infraestructura / Técnico,0
788,1,N/A,⚙️ Infraestructura / Técnico,0
789,1,N/A,⚙️ Infraestructura / Técnico,0
790,1,N/A,⚙️ Infraestructura / Técnico,0
791,1,N/A,⚙️ Infraestructura / Técnico,0
792,1,N/A,⚙️ Infraestructura / Técnico,0
793,1,N/A,⚙️ Infraestructura / Técnico,0
794,1,N/A,⚙️ Infraestructura / Técnico,0
795,1,N/A,⚙️ Infraestructura / Técnico,0
796,1,N/A,⚙️ Infraestructura / Técnico,0
797,1,N/A,⚙️ Infraestructura / Técnico,0
798,1,N/A,⚙️ Infraestructura / Técnico,0
799,1,N/A,⚙️ Infraestructura / Técnico,0
800,1,N/A,⚙️ Infraestructura / Técnico,0
801,1,N/A,⚙️ Infraestructura / Técnico,0
802,1,N/A,⚙️ Infraestructura / Técnico,0
803,1,N/A,⚙️ Infraestructura / Técnico,0
804,1,N/A,⚙️ Infraestructura / Técnico,0
805,1,N/A,⚙️ Infraestructura / Técnico,0
806,1,N/A,⚙️ Infraestructura / Técnico,0
807,1,N/A,⚙️ Infraestructura / Técnico,0
808,1,N/A,⚙️ Infraestructura / Técnico,0
809,1,N/A,⚙️ Infraestructura / Técnico,0
810,1,N/A,⚙️ Infraestructura / Técnico,0
811,1,N/A,⚙️ Infraestructura / Técnico,0
812,1,N/A,⚙️ Infraestructura / Técnico,0
813,1,N/A,⚙️ Infraestructura / Técnico,0
814,1,N/A,⚙️ Infraestructura / Técnico,0
815,1,N/A,⚙️ Infraestructura / Técnico,0
816,1,N/A,⚙️ Infraestructura / Técnico,0
817,1,N/A,⚙️ Infraestructura / Técnico,0
818,1,N/A,⚙️ Infraestructura / Técnico,0
819,1,N/A,⚙️ Infraestructura / Técnico,0
820,1,N/A,⚙️ Infraestructura / Técnico,0
821,1,N/A,⚙️ Infraestructura / Técnico,0
822,1,N/A,⚙️ Infraestructura / Técnico,0
823,1,N/A,⚙️ Infraestructura / Técnico,0
824,1,N/A,⚙️ Infraestructura / Técnico,0
825,1,N/A,⚙️ Infraestructura / Técnico,0
826,1,N/A,⚙️ Infraestructura / Técnico,0
827,1,N/A,⚙️ Infraestructura / Técnico,0
828,1,N/A,⚙️ Infraestructura / Técnico,0
829,1,N/A,⚙️ Infraestructura / Técnico,0
830,1,N/A,⚙️ Infraestructura / Técnico,0
831,1,N/A,⚙️ Infraestructura / Técnico,0
832,1,N/A,⚙️ Infraestructura / Técnico,0
833,1,N/A,⚙️ Infraestructura / Técnico,0
834,1,N/A,⚙️ Infraestructura / Técnico,0
835,1,N/A,⚙️ Infraestructura / Técnico,0
836,1,N/A,⚙️ Infraestructura / Técnico,0
837,1,N/A,⚙️ Infraestructura / Técnico,0
838,1,N/A,⚙️ Infraestructura / Técnico,0
839,1,N/A,⚙️ Infraestructura / Técnico,0
840,1,N/A,⚙️ Infraestructura / Técnico,0
841,1,N/A,⚙️ Infraestructura / Técnico,0
842,1,N/A,⚙️ Infraestructura / Técnico,0
843,1,N/A,⚙️ Infraestructura / Técnico,0
844,1,N/A,⚙️ Infraestructura / Técnico,0
845,1,N/A,⚙️ Infraestructura / Técnico,0
846,1,N/A,⚙️ Infraestructura / Técnico,0
847,1,N/A,⚙️ Infraestructura / Técnico,0
848,1,N/A,⚙️ Infraestructura / Técnico,0
849,1,N/A,⚙️ Infraestructura / Técnico,0
850,1,N/A,⚙️ Infraestructura / Técnico,0
851,1,N/A,⚙️ Infraestructura / Técnico,0
852,1,N/A,⚙️ Infraestructura / Técnico,0
853,1,N/A,⚙️ Infraestructura / Técnico,0
854,1,N/A,⚙️ Infraestructura / Técnico,0
855,1,N/A,⚙️ Infraestructura / Técnico,0
856,1,N/A,⚙️ Infraestructura / Técnico,0
857,1,N/A,⚙️ Infraestructura / Técnico,0
858,1,N/A,⚙️ Infraestructura / Técnico,0
859,1,N/A,⚙️ Infraestructura / Técnico,0
860,1,N/A,⚙️ Infraestructura / Técnico,0
861,1,N/A,⚙️ Infraestructura / Técnico,0
862,1,N/A,⚙️ Infraestructura / Técnico,0
863,1,N/A,⚙️ Infraestructura / Técnico,0
864,1,N/A,⚙️ Infraestructura / Técnico,0
865,1,N/A,⚙️ Infraestructura / Técnico,0
866,1,N/A,⚙️ Infraestructura / Técnico,0
867,1,N/A,⚙️ Infraestructura / Técnico,0
868,1,N/A,⚙️ Infraestructura / Técnico,0
869,1,N/A,⚙️ Infraestructura / Técnico,0
870,1,N/A,⚙️ Infraestructura / Técnico,0
871,1,N/A,⚙️ Infraestructura / Técnico,0
872,1,N/A,⚙️ Infraestructura / Técnico,0
873,1,N/A,⚙️ Infraestructura / Técnico,0
874,1,N/A,⚙️ Infraestructura / Técnico,0
875,1,N/A,⚙️ Infraestructura / Técnico,0
876,1,N/A,⚙️ Infraestructura / Técnico,0
877,1,N/A,⚙️ Infraestructura / Técnico,0
878,1,N/A,⚙️ Infraestructura / Técnico,0
879,1,N/A,⚙️ Infraestructura / Técnico,0
880,1,N/A,⚙️ Infraestructura / Técnico,0
881,1,N/A,⚙️ Infraestructura / Técnico,0
882,1,N/A,⚙️ Infraestructura / Técnico,0
883,1,N/A,⚙️ Infraestructura / Técnico,0
884,1,N/A,⚙️ Infraestructura / Técnico,0
885,1,N/A,⚙️ Infraestructura / Técnico,0
886,1,N/A,⚙️ Infraestructura / Técnico,0
887,1,N/A,⚙️ Infraestructura / Técnico,0
888,1,N/A,⚙️ Infraestructura / Técnico,0
889,1,N/A,⚙️ Infraestructura / Técnico,0
890,1,N/A,⚙️ Infraestructura / Técnico,0
891,1,N/A,⚙️ Infraestructura / Técnico,0
892,1,N/A,⚙️ Infraestructura / Técnico,0
893,1,N/A,⚙️ Infraestructura / Técnico,0
894,1,N/A,⚙️ Infraestructura / Técnico,0
895,1,N/A,⚙️ Infraestructura / Técnico,0
896,1,N/A,⚙️ Infraestructura / Técnico,0
897,1,N/A,⚙️ Infraestructura / Técnico,0
898,1,N/A,⚙️ Infraestructura / Técnico,0
899,1,N/A,⚙️ Infraestructura / Técnico,0
900,1,N/A,⚙️ Infraestructura / Técnico,0
901,1,N/A,⚙️ Infraestructura / Técnico,0
902,1,N/A,⚙️ Infraestructura / Técnico,0
903,1,N/A,⚙️ Infraestructura / Técnico,0
904,1,N/A,⚙️ Infraestructura / Técnico,0
905,1,N/A,⚙️ Infraestructura / Técnico,0
906,1,N/A,⚙️ Infraestructura / Técnico,0
907,1,N/A,⚙️ Infraestructura / Técnico,0
908,1,N/A,⚙️ Infraestructura / Técnico,0
909,1,N/A,⚙️ Infraestructura / Técnico,0
910,1,N/A,⚙️ Infraestructura / Técnico,0
911,1,N/A,⚙️ Infraestructura / Técnico,0
912,1,N/A,⚙️ Infraestructura / Técnico,0
913,1,N/A,⚙️ Infraestructura / Técnico,0
914,1,N/A,⚙️ Infraestructura / Técnico,0
915,1,N/A,⚙️ Infraestructura / Técnico,0
916,1,N/A,⚙️ Infraestructura / Técnico,0
917,1,N/A,⚙️ Infraestructura / Técnico,0
918,1,N/A,⚙️ Infraestructura / Técnico,0
919,1,N/A,⚙️ Infraestructura / Técnico,0
920,1,N/A,⚙️ Infraestructura / Técnico,0
921,1,N/A,⚙️ Infraestructura / Técnico,0
922,1,N/A,⚙️ Infraestructura / Técnico,0
923,1,N/A,⚙️ Infraestructura / Técnico,0
924,1,N/A,⚙️ Infraestructura / Técnico,0
925,1,N/A,⚙️ Infraestructura / Técnico,0
926,1,N/A,⚙️ Infraestructura / Técnico,0
927,1,N/A,⚙️ Infraestructura / Técnico,0
928,1,N/A,⚙️ Infraestructura / Técnico,0
929,1,N/A,⚙️ Infraestructura / Técnico,0
930,1,N/A,⚙️ Infraestructura / Técnico,0
931,1,N/A,⚙️ Infraestructura / Técnico,0
932,1,N/A,⚙️ Infraestructura / Técnico,0
933,1,N/A,⚙️ Infraestructura / Técnico,0
934,1,N/A,⚙️ Infraestructura / Técnico,0
935,1,N/A,⚙️ Infraestructura / Técnico,0
936,1,N/A,⚙️ Infraestructura / Técnico,0
937,1,N/A,⚙️ Infraestructura / Técnico,0
938,1,N/A,⚙️ Infraestructura / Técnico,0
939,1,N/A,⚙️ Infraestructura / Técnico,0
940,1,N/A,⚙️ Infraestructura / Técnico,0
941,1,N/A,⚙️ Infraestructura / Técnico,0
942,1,N/A,⚙️ Infraestructura / Técnico,0
943,1,N/A,⚙️ Infraestructura / Técnico,0
944,1,N/A,⚙️ Infraestructura / Técnico,0
945,1,N/A,⚙️ Infraestructura / Técnico,0
946,1,N/A,⚙️ Infraestructura / Técnico,0
947,1,N/A,⚙️ Infraestructura / Técnico,0
948,1,N/A,⚙️ Infraestructura / Técnico,0
949,1,N/A,⚙️ Infraestructura / Técnico,0
950,1,N/A,⚙️ Infraestructura / Técnico,0
951,1,N/A,⚙️ Infraestructura / Técnico,0
952,1,N/A,⚙️ Infraestructura / Técnico,0
953,1,N/A,⚙️ Infraestructura / Técnico,0
954,1,N/A,⚙️ Infraestructura / Técnico,0
955,1,N/A,⚙️ Infraestructura / Técnico,0
956,1,N/A,⚙️ Infraestructura / Técnico,0
957,1,N/A,⚙️ Infraestructura / Técnico,0
958,1,N/A,⚙️ Infraestructura / Técnico,0
959,1,N/A,⚙️ Infraestructura / Técnico,0
960,1,N/A,⚙️ Infraestructura / Técnico,0
961,1,N/A,⚙️ Infraestructura / Técnico,0
962,1,N/A,⚙️ Infraestructura / Técnico,0
963,1,N/A,⚙️ Infraestructura / Técnico,0
964,1,N/A,⚙️ Infraestructura / Técnico,0
965,1,N/A,⚙️ Infraestructura / Técnico,0
966,1,N/A,⚙️ Infraestructura / Técnico,0
967,1,N/A,⚙️ Infraestructura / Técnico,0
968,1,N/A,⚙️ Infraestructura / Técnico,0
969,1,N/A,⚙️ Infraestructura / Técnico,0
970,1,N/A,⚙️ Infraestructura / Técnico,0
971,1,N/A,⚙️ Infraestructura / Técnico,0
972,1,N/A,⚙️ Infraestructura / Técnico,0
973,1,N/A,⚙️ Infraestructura / Técnico,0
974,1,N/A,⚙️ Infraestructura / Técnico,0
975,1,N/A,⚙️ Infraestructura / Técnico,0
976,1,N/A,⚙️ Infraestructura / Técnico,0
977,1,N/A,⚙️ Infraestructura / Técnico,0
978,1,N/A,⚙️ Infraestructura / Técnico,0
979,1,N/A,⚙️ Infraestructura / Técnico,0
980,1,N/A,⚙️ Infraestructura / Técnico,0
981,1,N/A,⚙️ Infraestructura / Técnico,0
982,1,N/A,⚙️ Infraestructura / Técnico,0
983,1,N/A,⚙️ Infraestructura / Técnico,0
984,1,N/A,⚙️ Infraestructura / Técnico,0
985,1,N/A,⚙️ Infraestructura / Técnico,0
986,1,N/A,⚙️ Infraestructura / Técnico,0
987,1,N/A,⚙️ Infraestructura / Técnico,0
988,1,N/A,⚙️ Infraestructura / Técnico,0
989,1,N/A,⚙️ Infraestructura / Técnico,0
990,1,N/A,⚙️ Infraestructura / Técnico,0
991,1,N/A,⚙️ Infraestructura / Técnico,0
992,1,N/A,⚙️ Infraestructura / Técnico,0
993,1,N/A,⚙️ Infraestructura / Técnico,0
994,1,N/A,⚙️ Infraestructura / Técnico,0
995,1,N/A,⚙️ Infraestructura / Técnico,0
996,1,N/A,⚙️ Infraestructura / Técnico,0
997,1,N/A,⚙️ Infraestructura / Técnico,0
998,1,N/A,⚙️ Infraestructura / Técnico,0
999,1,N/A,⚙️ Infraestructura / Técnico,0
1000,1,N/A,⚙️ Infraestructura / Técnico,0
1001,1,N/A,⚙️ Infraestructura / Técnico,0
1002,1,N/A,⚙️ Infraestructura / Técnico,0
1003,1,N/A,⚙️ Infraestructura / Técnico,0
1004,1,N/A,⚙️ Infraestructura / Técnico,0
1005,1,N/A,⚙️ Infraestructura / Técnico,0
1006,1,N/A,⚙️ Infraestructura / Técnico,0
1007,1,N/A,⚙️ Infraestructura / Técnico,0
1008,1,N/A,⚙️ Infraestructura / Técnico,0
1009,1,N/A,⚙️ Infraestructura / Técnico,0
1010,1,N/A,⚙️ Infraestructura / Técnico,0
1011,1,N/A,⚙️ Infraestructura / Técnico,0
1012,1,N/A,⚙️ Infraestructura / Técnico,0
1013,1,N/A,⚙️ Infraestructura / Técnico,0
1014,1,N/A,⚙️ Infraestructura / Técnico,0
1015,1,N/A,⚙️ Infraestructura / Técnico,0
1016,1,N/A,⚙️ Infraestructura / Técnico,0
1017,1,N/A,⚙️ Infraestructura / Técnico,0
1018,1,N/A,⚙️ Infraestructura / Técnico,0
1019,1,N/A,⚙️ Infraestructura / Técnico,0
1020,1,N/A,⚙️ Infraestructura / Técnico,0
1021,1,N/A,⚙️ Infraestructura / Técnico,0
1022,1,N/A,⚙️ Infraestructura / Técnico,0
1023,1,N/A,⚙️ Infraestructura / Técnico,0
1024,1,N/A,⚙️ Infraestructura / Técnico,0
1025,1,N/A,⚙️ Infraestructura / Técnico,0
1026,1,N/A,⚙️ Infraestructura / Técnico,0
1027,1,N/A,⚙️ Infraestructura / Técnico,0
1028,1,N/A,⚙️ Infraestructura / Técnico,0
1029,1,N/A,⚙️ Infraestructura / Técnico,0
1030,1,N/A,⚙️ Infraestructura / Técnico,0
1031,1,N/A,⚙️ Infraestructura / Técnico,0
1032,1,N/A,⚙️ Infraestructura / Técnico,0
1033,1,N/A,⚙️ Infraestructura / Técnico,0
1034,1,N/A,⚙️ Infraestructura / Técnico,0
1035,1,N/A,⚙️ Infraestructura / Técnico,0
1036,1,N/A,⚙️ Infraestructura / Técnico,0
1037,1,N/A,⚙️ Infraestructura / Técnico,0
1038,1,N/A,⚙️ Infraestructura / Técnico,0
1039,1,N/A,⚙️ Infraestructura / Técnico,0
1040,1,N/A,⚙️ Infraestructura / Técnico,0
1041,1,N/A,⚙️ Infraestructura / Técnico,0
1042,1,N/A,⚙️ Infraestructura / Técnico,0
1043,1,N/A,⚙️ Infraestructura / Técnico,0
1044,1,N/A,⚙️ Infraestructura / Técnico,0
1045,1,N/A,⚙️ Infraestructura / Técnico,0
1046,1,N/A,⚙️ Infraestructura / Técnico,0
1047,1,N/A,⚙️ Infraestructura / Técnico,0
1048,1,N/A,⚙️ Infraestructura / Técnico,0
1049,1,N/A,⚙️ Infraestructura / Técnico,0
1050,1,N/A,⚙️ Infraestructura / Técnico,0
1051,1,N/A,⚙️ Infraestructura / Técnico,0
1052,1,N/A,⚙️ Infraestructura / Técnico,0
1053,1,N/A,⚙️ Infraestructura / Técnico,0
1054,1,N/A,⚙️ Infraestructura / Técnico,0
1055,1,N/A,⚙️ Infraestructura / Técnico,0
1056,1,N/A,⚙️ Infraestructura / Técnico,0
1057,1,N/A,⚙️ Infraestructura / Técnico,0
1058,1,N/A,⚙️ Infraestructura / Técnico,0
1059,1,N/A,⚙️ Infraestructura / Técnico,0
1060,1,N/A,⚙️ Infraestructura / Técnico,0
1061,1,N/A,⚙️ Infraestructura / Técnico,0
1062,1,N/A,⚙️ Infraestructura / Técnico,0
1063,1,N/A,⚙️ Infraestructura / Técnico,0
1064,1,N/A,⚙️ Infraestructura / Técnico,0
1065,1,N/A,⚙️ Infraestructura / Técnico,0
1066,1,N/A,⚙️ Infraestructura / Técnico,0
1067,1,N/A,⚙️ Infraestructura / Técnico,0
1068,1,N/A,⚙️ Infraestructura / Técnico,0
1069,1,N/A,⚙️ Infraestructura / Técnico,0
1070,1,N/A,⚙️ Infraestructura / Técnico,0
1071,1,N/A,⚙️ Infraestructura / Técnico,0
1072,1,N/A,⚙️ Infraestructura / Técnico,0
1073,1,N/A,⚙️ Infraestructura / Técnico,0
1074,1,N/A,⚙️ Infraestructura / Técnico,0
1075,1,N/A,⚙️ Infraestructura / Técnico,0
1076,1,N/A,⚙️ Infraestructura / Técnico,0
1077,1,N/A,⚙️ Infraestructura / Técnico,0
1078,1,N/A,⚙️ Infraestructura / Técnico,0
1079,1,N/A,⚙️ Infraestructura / Técnico,0
1080,1,N/A,⚙️ Infraestructura / Técnico,0
1081,1,N/A,⚙️ Infraestructura / Técnico,0
1082,1,N/A,⚙️ Infraestructura / Técnico,0
1083,1,N/A,⚙️ Infraestructura / Técnico,0
1084,1,N/A,⚙️ Infraestructura / Técnico,0
1085,1,N/A,⚙️ Infraestructura / Técnico,0
1086,1,N/A,⚙️ Infraestructura / Técnico,0
1087,1,N/A,⚙️ Infraestructura / Técnico,0
1088,1,N/A,⚙️ Infraestructura / Técnico,0
1089,1,N/A,⚙️ Infraestructura / Técnico,0
1090,1,N/A,⚙️ Infraestructura / Técnico,0
1091,1,N/A,⚙️ Infraestructura / Técnico,0
1092,1,N/A,⚙️ Infraestructura / Técnico,0
1093,1,N/A,⚙️ Infraestructura / Técnico,0
1094,1,N/A,⚙️ Infraestructura / Técnico,0
1095,1,N/A,⚙️ Infraestructura / Técnico,0
1096,1,N/A,⚙️ Infraestructura / Técnico,0
1097,1,N/A,⚙️ Infraestructura / Técnico,0
1098,1,N/A,⚙️ Infraestructura / Técnico,0
1099,1,N/A,⚙️ Infraestructura / Técnico,0
1100,1,N/A,⚙️ Infraestructura / Técnico,0
1101,1,N/A,⚙️ Infraestructura / Técnico,0
1102,1,N/A,⚙️ Infraestructura / Técnico,0
1103,1,N/A,⚙️ Infraestructura / Técnico,0
1104,1,N/A,⚙️ Infraestructura / Técnico,0
1105,1,N/A,⚙️ Infraestructura / Técnico,0
1106,1,N/A,⚙️ Infraestructura / Técnico,0
1107,1,N/A,⚙️ Infraestructura / Técnico,0
1108,1,N/A,⚙️ Infraestructura / Técnico,0
1109,1,N/A,⚙️ Infraestructura / Técnico,0
1110,1,N/A,⚙️ Infraestructura / Técnico,0
1111,1,N/A,⚙️ Infraestructura / Técnico,0
1112,1,N/A,⚙️ Infraestructura / Técnico,0
1113,1,N/A,⚙️ Infraestructura / Técnico,0
1114,1,N/A,⚙️ Infraestructura / Técnico,0
1115,1,N/A,⚙️ Infraestructura / Técnico,0
1116,1,N/A,⚙️ Infraestructura / Técnico,0
1117,1,N/A,⚙️ Infraestructura / Técnico,0
1118,1,N/A,⚙️ Infraestructura / Técnico,0
1119,1,N/A,⚙️ Infraestructura / Técnico,0
1120,1,N/A,⚙️ Infraestructura / Técnico,0
1121,1,N/A,⚙️ Infraestructura / Técnico,0
1122,1,N/A,⚙️ Infraestructura / Técnico,0
1123,1,N/A,⚙️ Infraestructura / Técnico,0
1124,1,N/A,⚙️ Infraestructura / Técnico,0
1125,1,N/A,⚙️ Infraestructura / Técnico,0
1126,1,N/A,⚙️ Infraestructura / Técnico,0
1127,1,N/A,⚙️ Infraestructura / Técnico,0
1128,1,N/A,⚙️ Infraestructura / Técnico,0
1129,1,N/A,⚙️ Infraestructura / Técnico,0
1130,1,N/A,⚙️ Infraestructura / Técnico,0
1131,1,N/A,⚙️ Infraestructura / Técnico,0
1132,1,N/A,⚙️ Infraestructura / Técnico,0
1133,1,N/A,⚙️ Infraestructura / Técnico,0
1134,1,N/A,⚙️ Infraestructura / Técnico,0
1135,1,N/A,⚙️ Infraestructura / Técnico,0
1136,1,N/A,⚙️ Infraestructura / Técnico,0
1137,1,N/A,⚙️ Infraestructura / Técnico,0
1138,1,N/A,⚙️ Infraestructura / Técnico,0
1139,1,N/A,⚙️ Infraestructura / Técnico,0
1140,1,N/A,⚙️ Infraestructura / Técnico,0
1141,1,N/A,⚙️ Infraestructura / Técnico,0
1142,1,N/A,⚙️ Infraestructura / Técnico,0
1143,1,N/A,⚙️ Infraestructura / Técnico,0
1144,1,N/A,⚙️ Infraestructura / Técnico,0
1145,1,N/A,⚙️ Infraestructura / Técnico,0
1146,1,N/A,⚙️ Infraestructura / Técnico,0
1147,1,N/A,⚙️ Infraestructura / Técnico,0
1148,1,N/A,⚙️ Infraestructura / Técnico,0
1149,1,N/A,⚙️ Infraestructura / Técnico,0
1150,1,N/A,⚙️ Infraestructura / Técnico,0
1151,1,N/A,⚙️ Infraestructura / Técnico,0
1152,1,N/A,⚙️ Infraestructura / Técnico,0
1153,1,N/A,⚙️ Infraestructura / Técnico,0
1154,1,N/A,⚙️ Infraestructura / Técnico,0
1155,1,N/A,⚙️ Infraestructura / Técnico,0
1156,1,N/A,⚙️ Infraestructura / Técnico,0
1157,1,N/A,⚙️ Infraestructura / Técnico,0
1158,1,N/A,⚙️ Infraestructura / Técnico,0
1159,1,N/A,⚙️ Infraestructura / Técnico,0
1160,1,N/A,⚙️ Infraestructura / Técnico,0
1161,1,N/A,⚙️ Infraestructura / Técnico,0
1162,1,N/A,⚙️ Infraestructura / Técnico,0
1163,1,N/A,⚙️ Infraestructura / Técnico,0
1164,1,N/A,⚙️ Infraestructura / Técnico,0
1165,1,N/A,⚙️ Infraestructura / Técnico,0
1166,1,N/A,⚙️ Infraestructura / Técnico,0
1167,1,N/A,⚙️ Infraestructura / Técnico,0
1168,1,N/A,⚙️ Infraestructura / Técnico,0
1169,1,N/A,⚙️ Infraestructura / Técnico,0
1170,1,N/A,⚙️ Infraestructura / Técnico,0
1171,1,N/A,⚙️ Infraestructura / Técnico,0
1172,1,N/A,⚙️ Infraestructura / Técnico,0
1173,1,N/A,⚙️ Infraestructura / Técnico,0
1174,1,N/A,⚙️ Infraestructura / Técnico,0
1175,1,N/A,⚙️ Infraestructura / Técnico,0
1176,1,N/A,⚙️ Infraestructura / Técnico,0
1177,1,N/A,⚙️ Infraestructura / Técnico,0
1178,1,N/A,⚙️ Infraestructura / Técnico,0
1179,1,N/A,⚙️ Infraestructura / Técnico,0
1180,1,N/A,⚙️ Infraestructura / Técnico,0
1181,1,N/A,⚙️ Infraestructura / Técnico,0
1182,1,N/A,⚙️ Infraestructura / Técnico,0
1183,1,N/A,⚙️ Infraestructura / Técnico,0
1184,1,N/A,⚙️ Infraestructura / Técnico,0
1185,1,N/A,⚙️ Infraestructura / Técnico,0
1186,1,N/A,⚙️ Infraestructura / Técnico,0
1187,1,N/A,⚙️ Infraestructura / Técnico,0
1188,1,N/A,⚙️ Infraestructura / Técnico,0
1189,1,N/A,⚙️ Infraestructura / Técnico,0
1190,1,N/A,⚙️ Infraestructura / Técnico,0
1191,1,N/A,⚙️ Infraestructura / Técnico,0
1192,1,N/A,⚙️ Infraestructura / Técnico,0
1193,1,N/A,⚙️ Infraestructura / Técnico,0
1194,1,N/A,⚙️ Infraestructura / Técnico,0
1195,1,N/A,⚙️ Infraestructura / Técnico,0
1196,1,N/A,⚙️ Infraestructura / Técnico,0
1197,1,N/A,⚙️ Infraestructura / Técnico,0
1198,1,N/A,⚙️ Infraestructura / Técnico,0
1199,1,N/A,⚙️ Infraestructura / Técnico,0
1200,1,N/A,⚙️ Infraestructura / Técnico,0
1201,1,N/A,⚙️ Infraestructura / Técnico,0
1202,1,N/A,⚙️ Infraestructura / Técnico,0
1203,1,N/A,⚙️ Infraestructura / Técnico,0
1204,1,N/A,⚙️ Infraestructura / Técnico,0
1205,1,N/A,⚙️ Infraestructura / Técnico,0
1206,1,N/A,⚙️ Infraestructura / Técnico,0
1207,1,N/A,⚙️ Infraestructura / Técnico,0
1208,1,N/A,⚙️ Infraestructura / Técnico,0
1209,1,N/A,⚙️ Infraestructura / Técnico,0
1210,1,N/A,⚙️ Infraestructura / Técnico,0
1211,1,N/A,⚙️ Infraestructura / Técnico,0
1212,1,N/A,⚙️ Infraestructura / Técnico,0
1213,1,N/A,⚙️ Infraestructura / Técnico,0
1214,1,N/A,⚙️ Infraestructura / Técnico,0
1215,1,N/A,⚙️ Infraestructura / Técnico,0
1216,1,N/A,⚙️ Infraestructura / Técnico,0
1217,1,N/A,⚙️ Infraestructura / Técnico,0
1218,1,N/A,⚙️ Infraestructura / Técnico,0
1219,1,N/A,⚙️ Infraestructura / Técnico,0
1220,1,N/A,⚙️ Infraestructura / Técnico,0
1221,1,N/A,⚙️ Infraestructura / Técnico,0
1222,1,N/A,⚙️ Infraestructura / Técnico,0
1223,1,N/A,⚙️ Infraestructura / Técnico,0
1224,1,N/A,⚙️ Infraestructura / Técnico,0
1225,1,N/A,⚙️ Infraestructura / Técnico,0
1226,1,N/A,⚙️ Infraestructura / Técnico,0
1227,1,N/A,⚙️ Infraestructura / Técnico,0
1228,1,N/A,⚙️ Infraestructura / Técnico,0
1229,1,N/A,⚙️ Infraestructura / Técnico,0
1230,1,N/A,⚙️ Infraestructura / Técnico,0
1231,1,N/A,⚙️ Infraestructura / Técnico,0
1232,1,N/A,⚙️ Infraestructura / Técnico,0
1233,1,N/A,⚙️ Infraestructura / Técnico,0
1234,1,N/A,⚙️ Infraestructura / Técnico,0
1235,1,N/A,⚙️ Infraestructura / Técnico,0
1236,1,N/A,⚙️ Infraestructura / Técnico,0
1237,1,N/A,⚙️ Infraestructura / Técnico,0
1238,1,N/A,⚙️ Infraestructura / Técnico,0
1239,1,N/A,⚙️ Infraestructura / Técnico,0
1240,1,N/A,⚙️ Infraestructura / Técnico,0
1241,1,N/A,⚙️ Infraestructura / Técnico,0
1242,1,N/A,⚙️ Infraestructura / Técnico,0
1243,1,N/A,⚙️ Infraestructura / Técnico,0
1244,1,N/A,⚙️ Infraestructura / Técnico,0
1245,1,N/A,⚙️ Infraestructura / Técnico,0
1246,1,N/A,⚙️ Infraestructura / Técnico,0
1247,1,N/A,⚙️ Infraestructura / Técnico,0
1248,1,N/A,⚙️ Infraestructura / Técnico,0
1249,1,N/A,⚙️ Infraestructura / Técnico,0
1250,1,N/A,⚙️ Infraestructura / Técnico,0
1251,1,N/A,⚙️ Infraestructura / Técnico,0
1252,1,N/A,⚙️ Infraestructura / Técnico,0
1253,1,N/A,⚙️ Infraestructura / Técnico,0
1254,1,N/A,⚙️ Infraestructura / Técnico,0
1255,1,N/A,⚙️ Infraestructura / Técnico,0
1256,1,N/A,⚙️ Infraestructura / Técnico,0
1257,1,N/A,⚙️ Infraestructura / Técnico,0
1258,1,N/A,⚙️ Infraestructura / Técnico,0
1259,1,N/A,⚙️ Infraestructura / Técnico,0
1260,1,N/A,⚙️ Infraestructura / Técnico,0
1261,1,N/A,⚙️ Infraestructura / Técnico,0
1262,1,N/A,⚙️ Infraestructura / Técnico,0
1263,1,N/A,⚙️ Infraestructura / Técnico,0
1264,1,N/A,⚙️ Infraestructura / Técnico,0
1265,1,N/A,⚙️ Infraestructura / Técnico,0
1266,1,N/A,⚙️ Infraestructura / Técnico,0
1267,1,N/A,⚙️ Infraestructura / Técnico,0
1268,1,N/A,⚙️ Infraestructura / Técnico,0
1269,1,N/A,⚙️ Infraestructura / Técnico,0
1270,1,N/A,⚙️ Infraestructura / Técnico,0
1271,1,N/A,⚙️ Infraestructura / Técnico,0
1272,1,N/A,⚙️ Infraestructura / Técnico,0
1273,1,N/A,⚙️ Infraestructura / Técnico,0
1274,1,N/A,⚙️ Infraestructura / Técnico,0
1275,1,N/A,⚙️ Infraestructura / Técnico,0
1276,1,N/A,⚙️ Infraestructura / Técnico,0
1277,1,N/A,⚙️ Infraestructura / Técnico,0
1278,1,N/A,⚙️ Infraestructura / Técnico,0
1279,1,N/A,⚙️ Infraestructura / Técnico,0
1280,1,N/A,⚙️ Infraestructura / Técnico,0
1281,1,N/A,⚙️ Infraestructura / Técnico,0
1282,1,N/A,⚙️ Infraestructura / Técnico,0
1283,1,N/A,⚙️ Infraestructura / Técnico,0
1284,1,N/A,⚙️ Infraestructura / Técnico,0
1285,1,N/A,⚙️ Infraestructura / Técnico,0
1286,1,N/A,⚙️ Infraestructura / Técnico,0
1287,1,N/A,⚙️ Infraestructura / Técnico,0
1288,1,N/A,⚙️ Infraestructura / Técnico,0
1289,1,N/A,⚙️ Infraestructura / Técnico,0
1290,1,N/A,⚙️ Infraestructura / Técnico,0
1291,1,N/A,⚙️ Infraestructura / Técnico,0
1292,1,N/A,⚙️ Infraestructura / Técnico,0
1293,1,N/A,⚙️ Infraestructura / Técnico,0
1294,1,N/A,⚙️ Infraestructura / Técnico,0
1295,1,N/A,⚙️ Infraestructura / Técnico,0
1296,1,N/A,⚙️ Infraestructura / Técnico,0
1297,1,N/A,⚙️ Infraestructura / Técnico,0
1298,1,N/A,⚙️ Infraestructura / Técnico,0
1299,1,N/A,⚙️ Infraestructura / Técnico,0
1300,1,N/A,⚙️ Infraestructura / Técnico,0
1301,1,N/A,⚙️ Infraestructura / Técnico,0
1302,1,N/A,⚙️ Infraestructura / Técnico,0
1303,1,N/A,⚙️ Infraestructura / Técnico,0
1304,1,N/A,⚙️ Infraestructura / Técnico,0
1305,1,N/A,⚙️ Infraestructura / Técnico,0
1306,1,N/A,⚙️ Infraestructura / Técnico,0
1307,1,N/A,⚙️ Infraestructura / Técnico,0
1308,1,N/A,⚙️ Infraestructura / Técnico,0
1309,1,N/A,⚙️ Infraestructura / Técnico,0
1310,1,N/A,⚙️ Infraestructura / Técnico,0
1311,1,N/A,⚙️ Infraestructura / Técnico,0
1312,1,N/A,⚙️ Infraestructura / Técnico,0
1313,1,N/A,⚙️ Infraestructura / Técnico,0
1314,1,N/A,⚙️ Infraestructura / Técnico,0
1315,1,N/A,⚙️ Infraestructura / Técnico,0
1316,1,N/A,⚙️ Infraestructura / Técnico,0
1317,1,N/A,⚙️ Infraestructura / Técnico,0
1318,1,N/A,⚙️ Infraestructura / Técnico,0
1319,1,N/A,⚙️ Infraestructura / Técnico,0
1320,1,N/A,⚙️ Infraestructura / Técnico,0
1321,1,N/A,⚙️ Infraestructura / Técnico,0
1322,1,N/A,⚙️ Infraestructura / Técnico,0
1323,1,N/A,⚙️ Infraestructura / Técnico,0
1324,1,N/A,⚙️ Infraestructura / Técnico,0
1325,1,N/A,⚙️ Infraestructura / Técnico,0
1326,1,N/A,⚙️ Infraestructura / Técnico,0
1327,1,N/A,⚙️ Infraestructura / Técnico,0
1328,1,N/A,⚙️ Infraestructura / Técnico,0
1329,1,N/A,⚙️ Infraestructura / Técnico,0
1330,1,N/A,⚙️ Infraestructura / Técnico,0
1331,1,N/A,⚙️ Infraestructura / Técnico,0
1332,1,N/A,⚙️ Infraestructura / Técnico,0
1333,1,N/A,⚙️ Infraestructura / Técnico,0
1334,1,N/A,⚙️ Infraestructura / Técnico,0
1335,1,N/A,⚙️ Infraestructura / Técnico,0
1336,1,N/A,⚙️ Infraestructura / Técnico,0
1337,1,N/A,⚙️ Infraestructura / Técnico,0
1338,1,N/A,⚙️ Infraestructura / Técnico,0
1339,1,N/A,⚙️ Infraestructura / Técnico,0
1340,1,N/A,⚙️ Infraestructura / Técnico,0
1341,1,N/A,⚙️ Infraestructura / Técnico,0
1342,1,N/A,⚙️ Infraestructura / Técnico,0
1343,1,N/A,⚙️ Infraestructura / Técnico,0
1344,1,N/A,⚙️ Infraestructura / Técnico,0
1345,1,N/A,⚙️ Infraestructura / Técnico,0
1346,1,N/A,⚙️ Infraestructura / Técnico,0
1347,1,N/A,⚙️ Infraestructura / Técnico,0
1348,1,N/A,⚙️ Infraestructura / Técnico,0
1349,1,N/A,⚙️ Infraestructura / Técnico,0
1350,1,N/A,⚙️ Infraestructura / Técnico,0
1351,1,N/A,⚙️ Infraestructura / Técnico,0
1352,1,N/A,⚙️ Infraestructura / Técnico,0
1353,1,N/A,⚙️ Infraestructura / Técnico,0
1354,1,N/A,⚙️ Infraestructura / Técnico,0
1355,1,N/A,⚙️ Infraestructura / Técnico,0
1356,1,N/A,⚙️ Infraestructura / Técnico,0
1357,1,N/A,⚙️ Infraestructura / Técnico,0
1358,1,N/A,⚙️ Infraestructura / Técnico,0
1359,1,N/A,⚙️ Infraestructura / Técnico,0
1360,1,N/A,⚙️ Infraestructura / Técnico,0
1361,1,N/A,⚙️ Infraestructura / Técnico,0
1362,1,N/A,⚙️ Infraestructura / Técnico,0
1363,1,N/A,⚙️ Infraestructura / Técnico,0
1364,1,N/A,⚙️ Infraestructura / Técnico,0
1365,1,N/A,⚙️ Infraestructura / Técnico,0
1366,1,N/A,⚙️ Infraestructura / Técnico,0
1367,1,N/A,⚙️ Infraestructura / Técnico,0
1368,1,N/A,⚙️ Infraestructura / Técnico,0
1369,1,N/A,⚙️ Infraestructura / Técnico,0
1370,1,N/A,⚙️ Infraestructura / Técnico,0
1371,1,N/A,⚙️ Infraestructura / Técnico,0
1372,1,N/A,⚙️ Infraestructura / Técnico,0
1373,1,N/A,⚙️ Infraestructura / Técnico,0
1374,1,N/A,⚙️ Infraestructura / Técnico,0
1375,1,N/A,⚙️ Infraestructura / Técnico,0
1376,1,N/A,⚙️ Infraestructura / Técnico,0
1377,1,N/A,⚙️ Infraestructura / Técnico,0
1378,1,N/A,⚙️ Infraestructura / Técnico,0
1379,1,N/A,⚙️ Infraestructura / Técnico,0
1380,1,N/A,⚙️ Infraestructura / Técnico,0
1381,1,N/A,⚙️ Infraestructura / Técnico,0
1382,1,N/A,⚙️ Infraestructura / Técnico,0
1383,1,N/A,⚙️ Infraestructura / Técnico,0
1384,1,N/A,⚙️ Infraestructura / Técnico,0
1385,1,N/A,⚙️ Infraestructura / Técnico,0
1386,1,N/A,⚙️ Infraestructura / Técnico,0
1387,1,N/A,⚙️ Infraestructura / Técnico,0
1388,1,N/A,⚙️ Infraestructura / Técnico,0
1389,1,N/A,⚙️ Infraestructura / Técnico,0
1390,1,N/A,⚙️ Infraestructura / Técnico,0
1391,1,N/A,⚙️ Infraestructura / Técnico,0
1392,1,N/A,⚙️ Infraestructura / Técnico,0
1393,1,N/A,⚙️ Infraestructura / Técnico,0
1394,1,N/A,⚙️ Infraestructura / Técnico,0
1395,1,N/A,⚙️ Infraestructura / Técnico,0
1396,1,N/A,⚙️ Infraestructura / Técnico,0
1397,1,N/A,⚙️ Infraestructura / Técnico,0
1398,1,N/A,⚙️ Infraestructura / Técnico,0
1399,1,N/A,⚙️ Infraestructura / Técnico,0
1400,1,N/A,⚙️ Infraestructura / Técnico,0
1401,1,N/A,⚙️ Infraestructura / Técnico,0
1402,1,N/A,⚙️ Infraestructura / Técnico,0
1403,1,N/A,⚙️ Infraestructura / Técnico,0
1404,1,N/A,⚙️ Infraestructura / Técnico,0
1405,1,N/A,⚙️ Infraestructura / Técnico,0
1406,1,N/A,⚙️ Infraestructura / Técnico,0
1407,1,N/A,⚙️ Infraestructura / Técnico,0
1408,1,N/A,⚙️ Infraestructura / Técnico,0
1409,1,N/A,⚙️ Infraestructura / Técnico,0
1410,1,N/A,⚙️ Infraestructura / Técnico,0
1411,1,N/A,⚙️ Infraestructura / Técnico,0
1412,1,N/A,⚙️ Infraestructura / Técnico,0
1413,1,N/A,⚙️ Infraestructura / Técnico,0
1414,1,N/A,⚙️ Infraestructura / Técnico,0
1415,1,N/A,⚙️ Infraestructura / Técnico,0
1416,1,N/A,⚙️ Infraestructura / Técnico,0
1417,1,N/A,⚙️ Infraestructura / Técnico,0
1418,1,N/A,⚙️ Infraestructura / Técnico,0
1419,1,N/A,⚙️ Infraestructura / Técnico,0
1420,1,N/A,⚙️ Infraestructura / Técnico,0
1421,1,N/A,⚙️ Infraestructura / Técnico,0
1422,1,N/A,⚙️ Infraestructura / Técnico,0
1423,1,N/A,⚙️ Infraestructura / Técnico,0
1424,1,N/A,⚙️ Infraestructura / Técnico,0
1425,1,N/A,⚙️ Infraestructura / Técnico,0
1426,1,N/A,⚙️ Infraestructura / Técnico,0
1427,1,N/A,⚙️ Infraestructura / Técnico,0
1428,1,N/A,⚙️ Infraestructura / Técnico,0
1429,1,N/A,⚙️ Infraestructura / Técnico,0
1430,1,N/A,⚙️ Infraestructura / Técnico,0
1431,1,N/A,⚙️ Infraestructura / Técnico,0
1432,1,N/A,⚙️ Infraestructura / Técnico,0
1433,1,N/A,⚙️ Infraestructura / Técnico,0
1434,1,N/A,⚙️ Infraestructura / Técnico,0
1435,1,N/A,⚙️ Infraestructura / Técnico,0
1436,1,N/A,⚙️ Infraestructura / Técnico,0
1437,1,N/A,⚙️ Infraestructura / Técnico,0
1438,1,N/A,⚙️ Infraestructura / Técnico,0
1439,1,N/A,⚙️ Infraestructura / Técnico,0
1440,1,N/A,⚙️ Infraestructura / Técnico,0
1441,1,N/A,⚙️ Infraestructura / Técnico,0
1442,1,N/A,⚙️ Infraestructura / Técnico,0
1443,1,N/A,⚙️ Infraestructura / Técnico,0
1444,1,N/A,⚙️ Infraestructura / Técnico,0
1445,1,N/A,⚙️ Infraestructura / Técnico,0
1446,1,N/A,⚙️ Infraestructura / Técnico,0
1447,1,N/A,⚙️ Infraestructura / Técnico,0
1448,1,N/A,⚙️ Infraestructura / Técnico,0
1449,1,N/A,⚙️ Infraestructura / Técnico,0
1450,1,N/A,⚙️ Infraestructura / Técnico,0
1451,1,N/A,⚙️ Infraestructura / Técnico,0
1452,1,N/A,⚙️ Infraestructura / Técnico,0
1453,1,N/A,⚙️ Infraestructura / Técnico,0
1454,1,N/A,⚙️ Infraestructura / Técnico,0
1455,1,N/A,⚙️ Infraestructura / Técnico,0
1456,1,N/A,⚙️ Infraestructura / Técnico,0
1457,1,N/A,⚙️ Infraestructura / Técnico,0
1458,1,N/A,⚙️ Infraestructura / Técnico,0
1459,1,N/A,⚙️ Infraestructura / Técnico,0
1460,1,N/A,⚙️ Infraestructura / Técnico,0
1461,1,N/A,⚙️ Infraestructura / Técnico,0
1462,1,N/A,⚙️ Infraestructura / Técnico,0
1463,1,N/A,⚙️ Infraestructura / Técnico,0
1464,1,N/A,⚙️ Infraestructura / Técnico,0
1465,1,N/A,⚙️ Infraestructura / Técnico,0
1466,1,N/A,⚙️ Infraestructura / Técnico,0
1467,1,N/A,⚙️ Infraestructura / Técnico,0
1468,1,N/A,⚙️ Infraestructura / Técnico,0
1469,1,N/A,⚙️ Infraestructura / Técnico,0
1470,1,N/A,⚙️ Infraestructura / Técnico,0
1471,1,N/A,⚙️ Infraestructura / Técnico,0
1472,1,N/A,⚙️ Infraestructura / Técnico,0
1473,1,N/A,⚙️ Infraestructura / Técnico,0
1474,1,N/A,⚙️ Infraestructura / Técnico,0
1475,1,N/A,⚙️ Infraestructura / Técnico,0
1476,1,N/A,⚙️ Infraestructura / Técnico,0
1477,1,N/A,⚙️ Infraestructura / Técnico,0
1478,1,N/A,⚙️ Infraestructura / Técnico,0
1479,1,N/A,⚙️ Infraestructura / Técnico,0
1480,1,N/A,⚙️ Infraestructura / Técnico,0
1481,1,N/A,⚙️ Infraestructura / Técnico,0
1482,1,N/A,⚙️ Infraestructura / Técnico,0
1483,1,N/A,⚙️ Infraestructura / Técnico,0
1484,1,N/A,⚙️ Infraestructura / Técnico,0
1485,1,N/A,⚙️ Infraestructura / Técnico,0
1486,1,N/A,⚙️ Infraestructura / Técnico,0
1487,1,N/A,⚙️ Infraestructura / Técnico,0
1488,1,N/A,⚙️ Infraestructura / Técnico,0
1489,1,N/A,⚙️ Infraestructura / Técnico,0
1490,1,N/A,⚙️ Infraestructura / Técnico,0
1491,1,N/A,⚙️ Infraestructura / Técnico,0
1492,1,N/A,⚙️ Infraestructura / Técnico,0
1493,1,N/A,⚙️ Infraestructura / Técnico,0
1494,1,N/A,⚙️ Infraestructura / Técnico,0
1495,1,N/A,⚙️ Infraestructura / Técnico,0
1496,1,N/A,⚙️ Infraestructura / Técnico,0
1497,1,N/A,⚙️ Infraestructura / Técnico,0
1498,1,N/A,⚙️ Infraestructura / Técnico,0
1499,1,N/A,⚙️ Infraestructura / Técnico,0
1500,1,N/A,⚙️ Infraestructura / Técnico,0
1501,1,N/A,⚙️ Infraestructura / Técnico,0
1502,1,N/A,⚙️ Infraestructura / Técnico,0
1503,1,N/A,⚙️ Infraestructura / Técnico,0
1504,1,N/A,⚙️ Infraestructura / Técnico,0
1505,1,N/A,⚙️ Infraestructura / Técnico,0
1506,1,N/A,⚙️ Infraestructura / Técnico,0
1507,1,N/A,⚙️ Infraestructura / Técnico,0
1508,1,N/A,⚙️ Infraestructura / Técnico,0
1509,1,N/A,⚙️ Infraestructura / Técnico,0
1510,1,N/A,⚙️ Infraestructura / Técnico,0
1511,1,N/A,⚙️ Infraestructura / Técnico,0
1512,1,N/A,⚙️ Infraestructura / Técnico,0
1513,1,N/A,⚙️ Infraestructura / Técnico,0
1514,1,N/A,⚙️ Infraestructura / Técnico,0
1515,1,N/A,⚙️ Infraestructura / Técnico,0
1516,1,N/A,⚙️ Infraestructura / Técnico,0
1517,1,N/A,⚙️ Infraestructura / Técnico,0
1518,1,N/A,⚙️ Infraestructura / Técnico,0
1519,1,N/A,⚙️ Infraestructura / Técnico,0
1520,1,N/A,⚙️ Infraestructura / Técnico,0
1521,1,N/A,⚙️ Infraestructura / Técnico,0
1522,1,N/A,⚙️ Infraestructura / Técnico,0
1523,1,N/A,⚙️ Infraestructura / Técnico,0
1524,1,N/A,⚙️ Infraestructura / Técnico,0
1525,1,N/A,⚙️ Infraestructura / Técnico,0
1526,1,N/A,⚙️ Infraestructura / Técnico,0
1527,1,N/A,⚙️ Infraestructura / Técnico,0
1528,1,N/A,⚙️ Infraestructura / Técnico,0
1529,1,N/A,⚙️ Infraestructura / Técnico,0
1530,1,N/A,⚙️ Infraestructura / Técnico,0
1531,1,N/A,⚙️ Infraestructura / Técnico,0
1532,1,N/A,⚙️ Infraestructura / Técnico,0
1533,1,N/A,⚙️ Infraestructura / Técnico,0
1534,1,N/A,⚙️ Infraestructura / Técnico,0
1535,1,N/A,⚙️ Infraestructura / Técnico,0
1536,1,N/A,⚙️ Infraestructura / Técnico,0
1537,1,N/A,⚙️ Infraestructura / Técnico,0
1538,1,N/A,⚙️ Infraestructura / Técnico,0
1539,1,N/A,⚙️ Infraestructura / Técnico,0
1540,1,N/A,⚙️ Infraestructura / Técnico,0
1541,1,N/A,⚙️ Infraestructura / Técnico,0
1542,1,N/A,⚙️ Infraestructura / Técnico,0
1543,1,N/A,⚙️ Infraestructura / Técnico,0
1544,1,N/A,⚙️ Infraestructura / Técnico,0
1545,1,N/A,⚙️ Infraestructura / Técnico,0
1546,1,N/A,⚙️ Infraestructura / Técnico,0
1547,1,N/A,⚙️ Infraestructura / Técnico,0
1548,1,N/A,⚙️ Infraestructura / Técnico,0
1549,1,N/A,⚙️ Infraestructura / Técnico,0
1550,1,N/A,⚙️ Infraestructura / Técnico,0
1551,1,N/A,⚙️ Infraestructura / Técnico,0
1552,1,N/A,⚙️ Infraestructura / Técnico,0
1553,1,N/A,⚙️ Infraestructura / Técnico,0
1554,1,N/A,⚙️ Infraestructura / Técnico,0
1555,1,N/A,⚙️ Infraestructura / Técnico,0
1556,1,N/A,⚙️ Infraestructura / Técnico,0
1557,1,N/A,⚙️ Infraestructura / Técnico,0
1558,1,N/A,⚙️ Infraestructura / Técnico,0
1559,1,N/A,⚙️ Infraestructura / Técnico,0
1560,1,N/A,⚙️ Infraestructura / Técnico,0
1561,1,N/A,⚙️ Infraestructura / Técnico,0
1562,1,N/A,⚙️ Infraestructura / Técnico,0
1563,1,N/A,⚙️ Infraestructura / Técnico,0
1564,1,N/A,⚙️ Infraestructura / Técnico,0
1565,1,N/A,⚙️ Infraestructura / Técnico,0
1566,1,N/A,⚙️ Infraestructura / Técnico,0
1567,1,N/A,⚙️ Infraestructura / Técnico,0
1568,1,N/A,⚙️ Infraestructura / Técnico,0
1569,1,N/A,⚙️ Infraestructura / Técnico,0
1570,1,N/A,⚙️ Infraestructura / Técnico,0
1571,1,N/A,⚙️ Infraestructura / Técnico,0
1572,1,N/A,⚙️ Infraestructura / Técnico,0
1573,1,N/A,⚙️ Infraestructura / Técnico,0
1574,1,N/A,⚙️ Infraestructura / Técnico,0
1575,1,N/A,⚙️ Infraestructura / Técnico,0
1576,1,N/A,⚙️ Infraestructura / Técnico,0
1577,1,N/A,⚙️ Infraestructura / Técnico,0
1578,1,N/A,⚙️ Infraestructura / Técnico,0
1579,1,N/A,⚙️ Infraestructura / Técnico,0
1580,1,N/A,⚙️ Infraestructura / Técnico,0
1581,1,N/A,⚙️ Infraestructura / Técnico,0
1582,1,N/A,⚙️ Infraestructura / Técnico,0
1583,1,N/A,⚙️ Infraestructura / Técnico,0
1584,1,N/A,⚙️ Infraestructura / Técnico,0
1585,1,N/A,⚙️ Infraestructura / Técnico,0
1586,1,N/A,⚙️ Infraestructura / Técnico,0
1587,1,N/A,⚙️ Infraestructura / Técnico,0
1588,1,N/A,⚙️ Infraestructura / Técnico,0
1589,1,N/A,⚙️ Infraestructura / Técnico,0
1590,1,N/A,⚙️ Infraestructura / Técnico,0
1591,1,N/A,⚙️ Infraestructura / Técnico,0
1592,1,N/A,⚙️ Infraestructura / Técnico,0
1593,1,N/A,⚙️ Infraestructura / Técnico,0
1594,1,N/A,⚙️ Infraestructura / Técnico,0
1595,1,N/A,⚙️ Infraestructura / Técnico,0
1596,1,N/A,⚙️ Infraestructura / Técnico,0
1597,1,N/A,⚙️ Infraestructura / Técnico,0
1598,1,N/A,⚙️ Infraestructura / Técnico,0
1599,1,N/A,⚙️ Infraestructura / Técnico,0
1600,1,N/A,⚙️ Infraestructura / Técnico,0
1601,1,N/A,⚙️ Infraestructura / Técnico,0
1602,1,N/A,⚙️ Infraestructura / Técnico,0
1603,1,N/A,⚙️ Infraestructura / Técnico,0
1604,1,N/A,⚙️ Infraestructura / Técnico,0
1605,1,N/A,⚙️ Infraestructura / Técnico,0
1606,1,N/A,⚙️ Infraestructura / Técnico,0
1607,1,N/A,⚙️ Infraestructura / Técnico,0
1608,1,N/A,⚙️ Infraestructura / Técnico,0
1609,1,N/A,⚙️ Infraestructura / Técnico,0
1610,1,N/A,⚙️ Infraestructura / Técnico,0
1611,1,N/A,⚙️ Infraestructura / Técnico,0
1612,1,N/A,⚙️ Infraestructura / Técnico,0
1613,1,N/A,⚙️ Infraestructura / Técnico,0
1614,1,N/A,⚙️ Infraestructura / Técnico,0
1615,1,N/A,⚙️ Infraestructura / Técnico,0
1616,1,N/A,⚙️ Infraestructura / Técnico,0
1617,1,N/A,⚙️ Infraestructura / Técnico,0
1618,1,N/A,⚙️ Infraestructura / Técnico,0
1619,1,N/A,⚙️ Infraestructura / Técnico,0
1620,1,N/A,⚙️ Infraestructura / Técnico,0
1621,1,N/A,⚙️ Infraestructura / Técnico,0
1622,1,N/A,⚙️ Infraestructura / Técnico,0
1623,1,N/A,⚙️ Infraestructura / Técnico,0
1624,1,N/A,⚙️ Infraestructura / Técnico,0
1625,1,N/A,⚙️ Infraestructura / Técnico,0
1626,1,N/A,⚙️ Infraestructura / Técnico,0
1627,1,N/A,⚙️ Infraestructura / Técnico,0
1628,1,N/A,⚙️ Infraestructura / Técnico,0
1629,1,N/A,⚙️ Infraestructura / Técnico,0
1630,1,N/A,⚙️ Infraestructura / Técnico,0
1631,1,N/A,⚙️ Infraestructura / Técnico,0
1632,1,N/A,⚙️ Infraestructura / Técnico,0
1633,1,N/A,⚙️ Infraestructura / Técnico,0
1634,1,N/A,⚙️ Infraestructura / Técnico,0
1635,1,N/A,⚙️ Infraestructura / Técnico,0
1636,1,N/A,⚙️ Infraestructura / Técnico,0
1637,1,N/A,⚙️ Infraestructura / Técnico,0
1638,1,N/A,⚙️ Infraestructura / Técnico,0
1639,1,N/A,⚙️ Infraestructura / Técnico,0
1640,1,N/A,⚙️ Infraestructura / Técnico,0
1641,1,N/A,⚙️ Infraestructura / Técnico,0
1642,1,N/A,⚙️ Infraestructura / Técnico,0
1643,1,N/A,⚙️ Infraestructura / Técnico,0
1644,1,N/A,⚙️ Infraestructura / Técnico,0
1645,1,N/A,⚙️ Infraestructura / Técnico,0
1646,1,N/A,⚙️ Infraestructura / Técnico,0
1647,1,N/A,⚙️ Infraestructura / Técnico,0
1648,1,N/A,⚙️ Infraestructura / Técnico,0
1649,1,N/A,⚙️ Infraestructura / Técnico,0
1650,1,N/A,⚙️ Infraestructura / Técnico,0
1651,1,N/A,⚙️ Infraestructura / Técnico,0
1652,1,N/A,⚙️ Infraestructura / Técnico,0
1653,1,N/A,⚙️ Infraestructura / Técnico,0
1654,1,N/A,⚙️ Infraestructura / Técnico,0
1655,1,N/A,⚙️ Infraestructura / Técnico,0
1656,1,N/A,⚙️ Infraestructura / Técnico,0
1657,1,N/A,⚙️ Infraestructura / Técnico,0
1658,1,N/A,⚙️ Infraestructura / Técnico,0
1659,1,N/A,⚙️ Infraestructura / Técnico,0
1660,1,N/A,⚙️ Infraestructura / Técnico,0
1661,1,N/A,⚙️ Infraestructura / Técnico,0
1662,1,N/A,⚙️ Infraestructura / Técnico,0
1663,1,N/A,⚙️ Infraestructura / Técnico,0
1664,1,N/A,⚙️ Infraestructura / Técnico,0
1665,1,N/A,⚙️ Infraestructura / Técnico,0
1666,1,N/A,⚙️ Infraestructura / Técnico,0
1667,1,N/A,⚙️ Infraestructura / Técnico,0
1668,1,N/A,⚙️ Infraestructura / Técnico,0
1669,1,N/A,⚙️ Infraestructura / Técnico,0
1670,1,N/A,⚙️ Infraestructura / Técnico,0
1671,1,N/A,⚙️ Infraestructura / Técnico,0
1672,1,N/A,⚙️ Infraestructura / Técnico,0
1673,1,N/A,⚙️ Infraestructura / Técnico,0
1674,1,N/A,⚙️ Infraestructura / Técnico,0
1675,1,N/A,⚙️ Infraestructura / Técnico,0
1676,1,N/A,⚙️ Infraestructura / Técnico,0
1677,1,N/A,⚙️ Infraestructura / Técnico,0
1678,1,N/A,⚙️ Infraestructura / Técnico,0
1679,1,N/A,⚙️ Infraestructura / Técnico,0
1680,1,N/A,⚙️ Infraestructura / Técnico,0
1681,1,N/A,⚙️ Infraestructura / Técnico,0
1682,1,N/A,⚙️ Infraestructura / Técnico,0
1683,1,N/A,⚙️ Infraestructura / Técnico,0
1684,1,N/A,⚙️ Infraestructura / Técnico,0
1685,1,N/A,⚙️ Infraestructura / Técnico,0
1686,1,N/A,⚙️ Infraestructura / Técnico,0
1687,1,N/A,⚙️ Infraestructura / Técnico,0
1688,1,N/A,⚙️ Infraestructura / Técnico,0
1689,1,N/A,⚙️ Infraestructura / Técnico,0
1690,1,N/A,⚙️ Infraestructura / Técnico,0
1691,1,N/A,⚙️ Infraestructura / Técnico,0
1692,1,N/A,⚙️ Infraestructura / Técnico,0
1693,1,N/A,⚙️ Infraestructura / Técnico,0
1694,1,N/A,⚙️ Infraestructura / Técnico,0
1695,1,N/A,⚙️ Infraestructura / Técnico,0
1696,1,N/A,⚙️ Infraestructura / Técnico,0
1697,1,N/A,⚙️ Infraestructura / Técnico,0
1698,1,N/A,⚙️ Infraestructura / Técnico,0
1699,1,N/A,⚙️ Infraestructura / Técnico,0
1700,1,N/A,⚙️ Infraestructura / Técnico,0
1701,1,N/A,⚙️ Infraestructura / Técnico,0
1702,1,N/A,⚙️ Infraestructura / Técnico,0
1703,1,N/A,⚙️ Infraestructura / Técnico,0
1704,1,N/A,⚙️ Infraestructura / Técnico,0
1705,1,N/A,⚙️ Infraestructura / Técnico,0
1706,1,N/A,⚙️ Infraestructura / Técnico,0
1707,1,N/A,⚙️ Infraestructura / Técnico,0
1708,1,N/A,⚙️ Infraestructura / Técnico,0
1709,1,N/A,⚙️ Infraestructura / Técnico,0
1710,1,N/A,⚙️ Infraestructura / Técnico,0
1711,1,N/A,⚙️ Infraestructura / Técnico,0
1712,1,N/A,⚙️ Infraestructura / Técnico,0
1713,1,N/A,⚙️ Infraestructura / Técnico,0
1714,1,N/A,⚙️ Infraestructura / Técnico,0
1715,1,N/A,⚙️ Infraestructura / Técnico,0
1716,1,N/A,⚙️ Infraestructura / Técnico,0
1717,1,N/A,⚙️ Infraestructura / Técnico,0
1718,1,N/A,⚙️ Infraestructura / Técnico,0
1719,1,N/A,⚙️ Infraestructura / Técnico,0
1720,1,N/A,⚙️ Infraestructura / Técnico,0
1721,1,N/A,⚙️ Infraestructura / Técnico,0
1722,1,N/A,⚙️ Infraestructura / Técnico,0
1723,1,N/A,⚙️ Infraestructura / Técnico,0
1724,1,N/A,⚙️ Infraestructura / Técnico,0
1725,1,N/A,⚙️ Infraestructura / Técnico,0
1726,1,N/A,⚙️ Infraestructura / Técnico,0
1727,1,N/A,⚙️ Infraestructura / Técnico,0
1728,1,N/A,⚙️ Infraestructura / Técnico,0
1729,1,N/A,⚙️ Infraestructura / Técnico,0
1730,1,N/A,⚙️ Infraestructura / Técnico,0
1731,1,N/A,⚙️ Infraestructura / Técnico,0
1732,1,N/A,⚙️ Infraestructura / Técnico,0
1733,1,N/A,⚙️ Infraestructura / Técnico,0
1734,1,N/A,⚙️ Infraestructura / Técnico,0
1735,1,N/A,⚙️ Infraestructura / Técnico,0
1736,1,N/A,⚙️ Infraestructura / Técnico,0
1737,1,N/A,⚙️ Infraestructura / Técnico,0
1738,1,N/A,⚙️ Infraestructura / Técnico,0
1739,1,N/A,⚙️ Infraestructura / Técnico,0
1740,1,N/A,⚙️ Infraestructura / Técnico,0
1741,1,N/A,⚙️ Infraestructura / Técnico,0
1742,1,N/A,⚙️ Infraestructura / Técnico,0
1743,1,N/A,⚙️ Infraestructura / Técnico,0
1744,1,N/A,⚙️ Infraestructura / Técnico,0
1745,1,N/A,⚙️ Infraestructura / Técnico,0
1746,1,N/A,⚙️ Infraestructura / Técnico,0
1747,1,N/A,⚙️ Infraestructura / Técnico,0
1748,1,N/A,⚙️ Infraestructura / Técnico,0
1749,1,N/A,⚙️ Infraestructura / Técnico,0
1750,1,N/A,⚙️ Infraestructura / Técnico,0
1751,1,N/A,⚙️ Infraestructura / Técnico,0
1752,1,N/A,⚙️ Infraestructura / Técnico,0
1753,1,N/A,⚙️ Infraestructura / Técnico,0
1754,1,N/A,⚙️ Infraestructura / Técnico,0
1755,1,N/A,⚙️ Infraestructura / Técnico,0
1756,1,N/A,⚙️ Infraestructura / Técnico,0
1757,1,N/A,⚙️ Infraestructura / Técnico,0
1758,1,N/A,⚙️ Infraestructura / Técnico,0
1759,1,N/A,⚙️ Infraestructura / Técnico,0
1760,1,N/A,⚙️ Infraestructura / Técnico,0
1761,1,N/A,⚙️ Infraestructura / Técnico,0
1762,1,N/A,⚙️ Infraestructura / Técnico,0
1763,1,N/A,⚙️ Infraestructura / Técnico,0
1764,1,N/A,⚙️ Infraestructura / Técnico,0
1765,1,N/A,⚙️ Infraestructura / Técnico,0
1766,1,N/A,⚙️ Infraestructura / Técnico,0
1767,1,N/A,⚙️ Infraestructura / Técnico,0
1768,1,N/A,⚙️ Infraestructura / Técnico,0
1769,1,N/A,⚙️ Infraestructura / Técnico,0
1770,1,N/A,⚙️ Infraestructura / Técnico,0
1771,1,N/A,⚙️ Infraestructura / Técnico,0
1772,1,N/A,⚙️ Infraestructura / Técnico,0
1773,1,N/A,⚙️ Infraestructura / Técnico,0
1774,1,N/A,⚙️ Infraestructura / Técnico,0
1775,1,N/A,⚙️ Infraestructura / Técnico,0
1776,1,N/A,⚙️ Infraestructura / Técnico,0
1777,1,N/A,⚙️ Infraestructura / Técnico,0
1778,1,N/A,⚙️ Infraestructura / Técnico,0
1779,1,N/A,⚙️ Infraestructura / Técnico,0
1780,1,N/A,⚙️ Infraestructura / Técnico,0
1781,1,N/A,⚙️ Infraestructura / Técnico,0
1782,1,N/A,⚙️ Infraestructura / Técnico,0
1783,1,N/A,⚙️ Infraestructura / Técnico,0
1784,1,N/A,⚙️ Infraestructura / Técnico,0
1785,1,N/A,⚙️ Infraestructura / Técnico,0
1786,1,N/A,⚙️ Infraestructura / Técnico,0
1787,1,N/A,⚙️ Infraestructura / Técnico,0
1788,1,N/A,⚙️ Infraestructura / Técnico,0
1789,1,N/A,⚙️ Infraestructura / Técnico,0
1790,1,N/A,⚙️ Infraestructura / Técnico,0
1791,1,N/A,⚙️ Infraestructura / Técnico,0
1792,1,N/A,⚙️ Infraestructura / Técnico,0
1793,1,N/A,⚙️ Infraestructura / Técnico,0
1794,1,N/A,⚙️ Infraestructura / Técnico,0
1795,1,N/A,⚙️ Infraestructura / Técnico,0
1796,1,N/A,⚙️ Infraestructura / Técnico,0
1797,1,N/A,⚙️ Infraestructura / Técnico,0
1798,1,N/A,⚙️ Infraestructura / Técnico,0
1799,1,N/A,⚙️ Infraestructura / Técnico,0
1800,1,N/A,⚙️ Infraestructura / Técnico,0
1801,1,N/A,⚙️ Infraestructura / Técnico,0
1802,1,N/A,⚙️ Infraestructura / Técnico,0
1803,1,N/A,⚙️ Infraestructura / Técnico,0
1804,1,N/A,⚙️ Infraestructura / Técnico,0
1805,1,N/A,⚙️ Infraestructura / Técnico,0
1806,1,N/A,⚙️ Infraestructura / Técnico,0
1807,1,N/A,⚙️ Infraestructura / Técnico,0
1808,1,N/A,⚙️ Infraestructura / Técnico,0
1809,1,N/A,⚙️ Infraestructura / Técnico,0
1810,1,N/A,⚙️ Infraestructura / Técnico,0
1811,1,N/A,⚙️ Infraestructura / Técnico,0
1812,1,N/A,⚙️ Infraestructura / Técnico,0
1813,1,N/A,⚙️ Infraestructura / Técnico,0
1814,1,N/A,⚙️ Infraestructura / Técnico,0
1815,1,N/A,⚙️ Infraestructura / Técnico,0
1816,1,N/A,⚙️ Infraestructura / Técnico,0
1817,1,N/A,⚙️ Infraestructura / Técnico,0
1818,1,N/A,⚙️ Infraestructura / Técnico,0
1819,1,N/A,⚙️ Infraestructura / Técnico,0
1820,1,N/A,⚙️ Infraestructura / Técnico,0
1821,1,N/A,⚙️ Infraestructura / Técnico,0
1822,1,N/A,⚙️ Infraestructura / Técnico,0
1823,1,N/A,⚙️ Infraestructura / Técnico,0
1824,1,N/A,⚙️ Infraestructura / Técnico,0
1825,1,N/A,⚙️ Infraestructura / Técnico,0
1826,1,N/A,⚙️ Infraestructura / Técnico,0
1827,1,N/A,⚙️ Infraestructura / Técnico,0
3,1,N/A,⚙️ Infraestructura / Técnico,0
1860,1,N/A,⚙️ Infraestructura / Técnico,0
1861,1,N/A,⚙️ Infraestructura / Técnico,0
1862,1,N/A,⚙️ Infraestructura / Técnico,0
1863,1,N/A,⚙️ Infraestructura / Técnico,0
9,1,N/A,⚙️ Infraestructura / Técnico,0
1864,1,N/A,⚙️ Infraestructura / Técnico,0
1835,1,N/A,⚙️ Infraestructura / Técnico,0
12,1,N/A,⚙️ Infraestructura / Técnico,0
13,1,N/A,⚙️ Infraestructura / Técnico,0
14,1,N/A,⚙️ Infraestructura / Técnico,0
1865,1,N/A,⚙️ Infraestructura / Técnico,0
16,1,N/A,⚙️ Infraestructura / Técnico,0
17,1,N/A,⚙️ Infraestructura / Técnico,0
1866,1,N/A,⚙️ Infraestructura / Técnico,0
1868,1,N/A,⚙️ Infraestructura / Técnico,0
1869,1,N/A,⚙️ Infraestructura / Técnico,0
1870,1,N/A,⚙️ Infraestructura / Técnico,0
22,1,N/A,⚙️ Infraestructura / Técnico,0
23,1,N/A,⚙️ Infraestructura / Técnico,0
24,1,N/A,⚙️ Infraestructura / Técnico,0
25,1,N/A,⚙️ Infraestructura / Técnico,0
26,1,N/A,⚙️ Infraestructura / Técnico,0
27,1,N/A,⚙️ Infraestructura / Técnico,0
28,1,N/A,⚙️ Infraestructura / Técnico,0
1871,1,N/A,⚙️ Infraestructura / Técnico,0
1872,1,N/A,⚙️ Infraestructura / Técnico,0
1873,1,N/A,⚙️ Infraestructura / Técnico,0
1874,1,N/A,⚙️ Infraestructura / Técnico,0
1875,1,N/A,⚙️ Infraestructura / Técnico,0
1876,1,N/A,⚙️ Infraestructura / Técnico,0
1859,1,N/A,⚙️ Infraestructura / Técnico,0
1828,1,N/A,⚙️ Infraestructura / Técnico,0
1829,1,N/A,⚙️ Infraestructura / Técnico,0
1830,1,N/A,⚙️ Infraestructura / Técnico,0
1831,1,N/A,⚙️ Infraestructura / Técnico,0
1832,1,N/A,⚙️ Infraestructura / Técnico,0
1833,1,N/A,⚙️ Infraestructura / Técnico,0
1834,1,N/A,⚙️ Infraestructura / Técnico,0
1867,1,N/A,⚙️ Infraestructura / Técnico,0
1836,1,N/A,⚙️ Infraestructura / Técnico,0
1837,1,N/A,⚙️ Infraestructura / Técnico,0
1838,1,N/A,⚙️ Infraestructura / Técnico,0
1839,1,N/A,⚙️ Infraestructura / Técnico,0
1840,1,N/A,⚙️ Infraestructura / Técnico,0
1841,1,N/A,⚙️ Infraestructura / Técnico,0
1842,1,N/A,⚙️ Infraestructura / Técnico,0
1843,1,N/A,⚙️ Infraestructura / Técnico,0
1844,1,N/A,⚙️ Infraestructura / Técnico,0
1845,1,N/A,⚙️ Infraestructura / Técnico,0
1846,1,N/A,⚙️ Infraestructura / Técnico,0
1847,1,N/A,⚙️ Infraestructura / Técnico,0
1848,1,N/A,⚙️ Infraestructura / Técnico,0
1849,1,N/A,⚙️ Infraestructura / Técnico,0
1850,1,N/A,⚙️ Infraestructura / Técnico,0
1851,1,N/A,⚙️ Infraestructura / Técnico,0
1852,1,N/A,⚙️ Infraestructura / Técnico,0
1853,1,N/A,⚙️ Infraestructura / Técnico,0
1854,1,N/A,⚙️ Infraestructura / Técnico,0
1855,1,N/A,⚙️ Infraestructura / Técnico,0
1856,1,N/A,⚙️ Infraestructura / Técnico,0
1857,1,N/A,⚙️ Infraestructura / Técnico,0
1858,1,N/A,⚙️ Infraestructura / Técnico,0
1891,1,N/A,⚙️ Infraestructura / Técnico,0
